Actividad,Responsables,Duración,Inicio,Fin,Evento,Días al evento,Stopper
Gran Premio de Mexico Fórmula 1 2024,"Equipo de Proyecto,Dirección General CIE Internacional y F1",Dura 5 días,25/10/2024,27/10/2024,27/10/2024,0,
         Operación,Coordinación Experiencia al Cliente,Dura 6 días,25/10/2024,27/10/2024,27/10/2024,0,Operación
         Supervisión durante el México GP,Gerencia de Seguridad Corporativa,Dura 1 día,27/10/2024,27/10/2024,27/10/2024,0,Supervisión durante el México GP
         Preparación Embalaje y Coordinación,Dirección de Operaciones F1,Dura 0 días,27/10/2024,27/10/2024,27/10/2024,0,Preparación Embalaje y Coordinación
      Reabastecimiento durante el evento,Analista Experiencia al Cliente,Dura 10 días,22/10/2024,26/10/2024,27/10/2024,1,Reabastecimiento durante el evento
      3.2 Administración de Boletera-Boletaje,Coordinación de Boletaje F1,Dura 353 días,21/06/2023,25/10/2024,27/10/2024,2,
         Cuadre (se realiza cada semana),"Subdirectora Promotoría Exp Al Cliente y Sustentabilidad F1,Gerente de Planeación Financiera F1",Dura 247 días,16/11/2023,25/10/2024,27/10/2024,2,Cuadre (se realiza cada semana)
      Logística de impresión (indicación de fecha),Ticketmaster,Dura 353 días,21/06/2023,25/10/2024,27/10/2024,2,
         Cierre de inventario de boletos,Coordinación de Boletaje F1,Dura 41 días,30/08/2024,25/10/2024,27/10/2024,2,Cierre de inventario de boletos
         Ventas Especiales,Coordinación de Boletaje F1,Dura 247 días,16/11/2023,25/10/2024,27/10/2024,2,Ventas Especiales
      3.3 Venta de Productos y Servicios,Gerencia Sr. Comercial F1,Dura 410 días,03/04/2023,25/10/2024,27/10/2024,2,
         Propuestas aceptadas por Cliente,"Dirección Comercial F1,Gerencia Sr. Comercial F1,Gerencia Comercial F1",Dura 247 días,16/11/2023,25/10/2024,27/10/2024,2,Propuestas aceptadas por Cliente
         Contrato/Carta Compromiso,Gerencia de Administración e Información Comercial,Dura 247 días,16/11/2023,25/10/2024,27/10/2024,2,Contrato/Carta Compromiso
         Seguimiento y Conciliación de Pago,"Dirección Comercial F1,Gerencia Comercial F1,Gerencia de Administración e Información Comercial,Gerencia Sr. Comercial F1,Contraloría F1",Dura 247 días,16/11/2023,25/10/2024,27/10/2024,2,Seguimiento y Conciliación de Pago
         Cierre de la venta,"Dirección Comercial F1,Gerencia Comercial F1,Gerencia de Administración e Información Comercial,Gerencia Sr. Comercial F1",Dura 247 días,16/11/2023,25/10/2024,27/10/2024,2,Cierre de la venta
      3.4 Administración de Venta,"Contraloría F1,Dirección Comercial F1,Gerencia Comercial F1,Gerencia de Administración e Información Comercial,Gerencia Sr. Comercial F1",Dura 247 días,16/11/2023,25/10/2024,27/10/2024,2,
         Analítica de Pagos,Gerente de Planeación Financiera F1,Dura 247 días,16/11/2023,25/10/2024,27/10/2024,2,Analítica de Pagos
         Adiciones / Modificaciones,"Gerencia Comercial F1,Gerencia Sr. Comercial F1",Dura 246 días,17/11/2023,25/10/2024,27/10/2024,2,Adiciones / Modificaciones
      4.1 Ceremonia y Protocolos,Gerencia de Experiencia al Cliente Hospitalidades y Protocolos F1,Dura 15 días,07/10/2024,25/10/2024,27/10/2024,2,
         Ceremonia de apertura,"Gerencia de Experiencia al Cliente Hospitalidades y Protocolos F1,Subdirectora Promotoría Exp Al Cliente y Sustentabilidad F1",Dura 0 días,25/10/2024,25/10/2024,27/10/2024,2,Ceremonia de apertura
         Protocolo show previo a la carrera,"Gerencia de Experiencia al Cliente Hospitalidades y Protocolos F1,Subdirectora Promotoría Exp Al Cliente y Sustentabilidad F1",Dura 0 días,25/10/2024,25/10/2024,27/10/2024,2,Protocolo show previo a la carrera
         Carreras de Soporte ,"Gerencia de Experiencia al Cliente Hospitalidades y Protocolos F1,Subdirectora Promotoría Exp Al Cliente y Sustentabilidad F1",Dura 0 días,25/10/2024,25/10/2024,27/10/2024,2,Carreras de Soporte
         Protocolo carreras de soporte,"Gerencia de Experiencia al Cliente Hospitalidades y Protocolos F1,Subdirectora Promotoría Exp Al Cliente y Sustentabilidad F1",Dura 0 días,25/10/2024,25/10/2024,27/10/2024,2,Protocolo carreras de soporte
         Colaboraciones,"Gerencia de Experiencia al Cliente Hospitalidades y Protocolos F1,Gerencia de Mercadotecnia F1,Gerencia de Redes Sociales F1",Dura 303 días,30/08/2023,25/10/2024,27/10/2024,2,Colaboraciones
         Conciliación de pago,"Gerencia Comercial F1,Gerencia Sr. Comercial F1,Delivery F1",Dura 246 días,16/11/2023,24/10/2024,27/10/2024,3,Conciliación de pago
         Capacitación,"Coordinación Experiencia al Cliente,Coordinación Experiencia al Cliente Corporativo F1,Gerencia de Experiencia al Cliente Hospitalidades y Protocolos F1,Gerencia de Redes Sociales F1,Gerencia de Relaciones Públicas F1,Gerente de Experiencia al Cliente C...",Dura 42 días,27/08/2024,23/10/2024,27/10/2024,4,
            Capacitación específica para voluntarios y logística de PIT LANE WALK,Coordinación Media Centre F1,Dura 22 días,24/09/2024,23/10/2024,27/10/2024,4,Capacitación específica para voluntarios y logística de PIT LANE WALK
"      5.1 Mantenimiento a infraestructura (Paddock, Pit lane)",Dirección de Operaciones F1,Dura 35 días,05/09/2024,23/10/2024,27/10/2024,4,
"         Mantenimiento a infraestructura Pit Lane Paddock, Pista",Dirección de Operaciones F1,Dura 35 días,05/09/2024,23/10/2024,27/10/2024,4,"Mantenimiento a infraestructura Pit Lane Paddock, Pista"
      Propuesta conceptual,Analista de Proyectos Entretenimiento F1,Dura 192 días,29/01/2024,22/10/2024,27/10/2024,5,
         Entrega de Activaciones,Analista de Proyectos Entretenimiento F1,Dura 15 días,02/10/2024,22/10/2024,27/10/2024,5,Entrega de Activaciones
      Abastecimiento antes del evento,Analista Experiencia al Cliente,Dura 13 días,04/10/2024,22/10/2024,27/10/2024,5,Abastecimiento antes del evento
            Casting-ceremonia,"Coordinación Experiencia al Cliente,Coordinación Experiencia al Cliente Corporativo F1,Gerencia de Experiencia al Cliente Hospitalidades y Protocolos F1,Gerencia de Redes Sociales F1,Gerencia de Relaciones Públicas F1,Gerente de Experiencia al Cliente C...",Dura 20 días,24/09/2024,21/10/2024,27/10/2024,6,Casting-ceremonia
            Acreditación de coordinadores de producto y voluntarios,"Coordinación Experiencia al Cliente,Coordinación Experiencia al Cliente Corporativo F1,Gerencia de Experiencia al Cliente Hospitalidades y Protocolos F1,Gerencia de Redes Sociales F1,Gerencia de Relaciones Públicas F1,Gerente de Experiencia al Cliente C...",Dura 20 días,24/09/2024,21/10/2024,27/10/2024,6,Acreditación de coordinadores de producto y voluntarios
            Recorrido dirección,"Coordinación Experiencia al Cliente,Coordinación Experiencia al Cliente Corporativo F1,Gerencia de Experiencia al Cliente Hospitalidades y Protocolos F1,Gerencia de Redes Sociales F1,Gerencia de Relaciones Públicas F1,Gerente de Experiencia al Cliente C...",Dura 20 días,24/09/2024,21/10/2024,27/10/2024,6,Recorrido dirección
            Entrega de Kit de Voluntarios / PLW,"Coordinación Experiencia al Cliente,Coordinación Experiencia al Cliente Corporativo F1,Gerencia de Experiencia al Cliente Hospitalidades y Protocolos F1,Gerencia de Redes Sociales F1,Gerencia de Relaciones Públicas F1,Gerente de Experiencia al Cliente C...",Dura 20 días,24/09/2024,21/10/2024,27/10/2024,6,Entrega de Kit de Voluntarios / PLW
            Capacitación: Cuentas Culinaria,"Coordinación Experiencia al Cliente,Coordinación Experiencia al Cliente Corporativo F1,Gerencia de Experiencia al Cliente Hospitalidades y Protocolos F1,Gerencia de Redes Sociales F1,Gerencia de Relaciones Públicas F1,Gerente de Experiencia al Cliente C...",Dura 20 días,24/09/2024,21/10/2024,27/10/2024,6,Capacitación: Cuentas Culinaria
            Capacitación: Bluter,"Coordinación Experiencia al Cliente,Coordinación Experiencia al Cliente Corporativo F1,Gerencia de Experiencia al Cliente Hospitalidades y Protocolos F1,Gerencia de Redes Sociales F1,Gerencia de Relaciones Públicas F1,Gerente de Experiencia al Cliente C...",Dura 20 días,24/09/2024,21/10/2024,27/10/2024,6,Capacitación: Bluter
            Capacitación: Integración y Trabajo en equipo ATCL y hospitalidades,"Coordinación Experiencia al Cliente,Coordinación Experiencia al Cliente Corporativo F1,Gerencia de Experiencia al Cliente Hospitalidades y Protocolos F1,Gerencia de Redes Sociales F1,Gerencia de Relaciones Públicas F1,Gerente de Experiencia al Cliente C...",Dura 20 días,24/09/2024,21/10/2024,27/10/2024,6,Capacitación: Integración y Trabajo en equipo ATCL y hospitalidades
         PIT LANE WALK,"Coordinación Experiencia al Cliente,Coordinación Experiencia al Cliente Corporativo F1,Gerencia de Experiencia al Cliente Hospitalidades y Protocolos F1,Gerencia de Redes Sociales F1,Gerencia de Relaciones Públicas F1,Gerente de Experiencia al Cliente C...",Dura 22 días,19/09/2024,18/10/2024,27/10/2024,9,PIT LANE WALK
      4.6 Experiencia al Cliente Corporativo,"Dirección Comercial F1,Gerencia Comercial F1,Gerencia de Administración e Información Comercial,Gerencia Sr. Comercial F1",Dura 405 días?,03/04/2023,18/10/2024,27/10/2024,9,
         4.11 Experiencia Culinaria,"Analista de Experiencia Culinaria,Analista Experiencia al Cliente,Gerencia Experiencia Culinaria F1",Dura 22 días,19/09/2024,18/10/2024,27/10/2024,9,
            Ubicación (logistica cocinas),"Analista de Experiencia Culinaria,Analista Experiencia al Cliente,Gerencia Experiencia Culinaria F1",Dura 1 día,18/10/2024,18/10/2024,27/10/2024,9,Ubicación (logistica cocinas)
            Tertulias,"Coordinación Experiencia al Cliente,Coordinación Experiencia al Cliente Corporativo F1,Gerencia de Experiencia al Cliente Hospitalidades y Protocolos F1,Gerencia de Redes Sociales F1,Gerencia de Relaciones Públicas F1,Gerente de Experiencia al Cliente C...",Dura 18 días,24/09/2024,17/10/2024,27/10/2024,10,Tertulias
            Validación por Cliente,"Analista de Experiencia Culinaria,Analista Experiencia al Cliente,Gerencia Experiencia Culinaria F1",Dura 20 días,20/09/2024,17/10/2024,27/10/2024,10,Validación por Cliente
      5.2 Trámites gubernamentales,Dirección de Operaciones F1,Dura 30 días,05/09/2024,16/10/2024,27/10/2024,11,
         Trámite migración,Dirección de Operaciones F1,Dura 10 días,03/10/2024,16/10/2024,27/10/2024,11,Trámite migración
      5.4 Atención de Requerimientos de homologación de pista,Dirección de Operaciones F1,Dura 30 días,05/09/2024,16/10/2024,27/10/2024,11,
         Informe OMDAI/FIA,"Dirección Comercial F1,Gerencia Comercial F1,Gerencia de Administración e Información Comercial,Gerencia Sr. Comercial F1",Dura 1 día,16/10/2024,16/10/2024,27/10/2024,11,Informe OMDAI/FIA
         Atención de observaciones,Gerente Producción F1,Dura 1 día,15/10/2024,15/10/2024,27/10/2024,12,Atención de observaciones
         Búsqueda de proveedores,"Coordinación de Compras F1,Subdirección Planeación Estratégica",Dura 345 días,21/06/2023,15/10/2024,27/10/2024,12,Búsqueda de proveedores
            Capacitación: Producción,"Coordinación Experiencia al Cliente,Coordinación Experiencia al Cliente Corporativo F1,Gerencia de Experiencia al Cliente Hospitalidades y Protocolos F1,Gerencia de Redes Sociales F1,Gerencia de Relaciones Públicas F1,Gerente de Experiencia al Cliente C...",Dura 15 días,24/09/2024,14/10/2024,27/10/2024,13,Capacitación: Producción
            Capacitación: Introducción y la F1ESTA,"Coordinación Experiencia al Cliente,Coordinación Experiencia al Cliente Corporativo F1,Gerencia de Experiencia al Cliente Hospitalidades y Protocolos F1,Gerencia de Redes Sociales F1,Gerencia de Relaciones Públicas F1,Gerente de Experiencia al Cliente C...",Dura 15 días,24/09/2024,14/10/2024,27/10/2024,13,Capacitación: Introducción y la F1ESTA
            Capacitación: Ceremonia de apertura,"Coordinación Experiencia al Cliente,Coordinación Experiencia al Cliente Corporativo F1,Gerencia de Experiencia al Cliente Hospitalidades y Protocolos F1,Gerencia de Redes Sociales F1,Gerencia de Relaciones Públicas F1,Gerente de Experiencia al Cliente C...",Dura 15 días,24/09/2024,14/10/2024,27/10/2024,13,Capacitación: Ceremonia de apertura
            Capacitación: Sostenibilidad,"Coordinación Experiencia al Cliente,Coordinación Experiencia al Cliente Corporativo F1,Gerencia de Experiencia al Cliente Hospitalidades y Protocolos F1,Gerencia de Redes Sociales F1,Gerencia de Relaciones Públicas F1,Gerente de Experiencia al Cliente C...",Dura 15 días,24/09/2024,14/10/2024,27/10/2024,13,Capacitación: Sostenibilidad
            Capacitación: Incidencias,"Coordinación Experiencia al Cliente,Coordinación Experiencia al Cliente Corporativo F1,Gerencia de Experiencia al Cliente Hospitalidades y Protocolos F1,Gerencia de Redes Sociales F1,Gerencia de Relaciones Públicas F1,Gerente de Experiencia al Cliente C...",Dura 15 días,24/09/2024,14/10/2024,27/10/2024,13,Capacitación: Incidencias
"            Capacitación: Núcleos por zona, hospitalidades y marcas por núcleo","Coordinación Experiencia al Cliente,Coordinación Experiencia al Cliente Corporativo F1,Gerencia de Experiencia al Cliente Hospitalidades y Protocolos F1,Gerencia de Redes Sociales F1,Gerencia de Relaciones Públicas F1,Gerente de Experiencia al Cliente C...",Dura 15 días,24/09/2024,14/10/2024,27/10/2024,13,"Capacitación: Núcleos por zona, hospitalidades y marcas por núcleo"
"            Capacitación: Indicadores de efectividad de operación previa al evento, Capacitación: Seguridad integral e inclusión","Coordinación Experiencia al Cliente,Coordinación Experiencia al Cliente Corporativo F1,Gerencia de Experiencia al Cliente Hospitalidades y Protocolos F1,Gerencia de Redes Sociales F1,Gerencia de Relaciones Públicas F1,Gerente de Experiencia al Cliente C...",Dura 15 días,24/09/2024,14/10/2024,27/10/2024,13,"Capacitación: Indicadores de efectividad de operación previa al evento, Capacitación: Seguridad integral e inclusión"
            Capacitación: FAQs generales y reforzamiento de la información,"Coordinación Experiencia al Cliente,Coordinación Experiencia al Cliente Corporativo F1,Gerencia de Experiencia al Cliente Hospitalidades y Protocolos F1,Gerencia de Redes Sociales F1,Gerencia de Relaciones Públicas F1,Gerente de Experiencia al Cliente C...",Dura 15 días,24/09/2024,14/10/2024,27/10/2024,13,Capacitación: FAQs generales y reforzamiento de la información
            Capacitación: Evaluación por hospitalidad,Coordinación Experiencia al Cliente,Dura 15 días,24/09/2024,14/10/2024,27/10/2024,13,Capacitación: Evaluación por hospitalidad
            Capacitación: Logística del evento y generalidades de las hospitalidades,"Coordinación Experiencia al Cliente,Coordinación Experiencia al Cliente Corporativo F1,Gerencia de Experiencia al Cliente Hospitalidades y Protocolos F1,Gerencia de Redes Sociales F1,Gerencia de Relaciones Públicas F1,Gerente de Experiencia al Cliente C...",Dura 15 días,24/09/2024,14/10/2024,27/10/2024,13,Capacitación: Logística del evento y generalidades de las hospitalidades
            Capacitación: Cuentas Corporativas,"Coordinación Experiencia al Cliente,Coordinación Experiencia al Cliente Corporativo F1,Gerencia de Experiencia al Cliente Hospitalidades y Protocolos F1,Gerencia de Redes Sociales F1,Gerencia de Relaciones Públicas F1,Gerente de Experiencia al Cliente C...",Dura 15 días,24/09/2024,14/10/2024,27/10/2024,13,Capacitación: Cuentas Corporativas
            Capacitación: Experiencias Premium,"Coordinación Experiencia al Cliente,Coordinación Experiencia al Cliente Corporativo F1,Gerencia de Experiencia al Cliente Hospitalidades y Protocolos F1,Gerencia de Redes Sociales F1,Gerencia de Relaciones Públicas F1,Gerente de Experiencia al Cliente C...",Dura 15 días,24/09/2024,14/10/2024,27/10/2024,13,Capacitación: Experiencias Premium
         Implementación,Gerente Producción F1,Dura 5 días,08/10/2024,14/10/2024,27/10/2024,13,Implementación
            Capacitación: Logística de funcionalidad y operación de las hospitalidades durante el evento,"Coordinación Experiencia al Cliente,Coordinación Experiencia al Cliente Corporativo F1,Gerencia de Experiencia al Cliente Hospitalidades y Protocolos F1,Gerencia de Redes Sociales F1,Gerencia de Relaciones Públicas F1,Gerente de Experiencia al Cliente C...",Dura 14 días,24/09/2024,11/10/2024,27/10/2024,16,Capacitación: Logística de funcionalidad y operación de las hospitalidades durante el evento
         Preparación de recorridos,Coordinación Media Centre F1,Dura 25 días,06/09/2024,10/10/2024,27/10/2024,17,Preparación de recorridos
         Recorrido de pista,"Gerencia de Experiencia al Cliente Hospitalidades y Protocolos F1,Subdirectora Promotoría Exp Al Cliente y Sustentabilidad F1",Dura 0 días,07/10/2024,07/10/2024,27/10/2024,20,
"            Fecha límite de confirmación voluntarios. (Foto, talla, confirmación de fechas, etc.)","Coordinación Experiencia al Cliente,Coordinación Experiencia al Cliente Corporativo F1,Gerencia de Experiencia al Cliente Hospitalidades y Protocolos F1,Gerencia de Redes Sociales F1,Gerencia de Relaciones Públicas F1,Gerente de Experiencia al Cliente C...",Dura 10 días,24/09/2024,07/10/2024,27/10/2024,20,"Fecha límite de confirmación voluntarios. (Foto, talla, confirmación de fechas, etc.)"
         Recorrido de pista,Dirección de Operaciones F1,Dura 1 día,07/10/2024,07/10/2024,27/10/2024,20,Recorrido de pista
      10.7 Acreditación de Medios,Coordinador de Sostenibilidad F1,Dura 110 días,07/05/2024,07/10/2024,27/10/2024,20,
"         Acreditación medios, revisión y envío de acreditaciones",Coordinador de Sostenibilidad F1,Dura 40 días,13/08/2024,07/10/2024,27/10/2024,20,"Acreditación medios, revisión y envío de acreditaciones"
         Producción Minuto a Minuto,Coordinación Media Centre F1,Dura 20 días,06/09/2024,03/10/2024,27/10/2024,24,Producción Minuto a Minuto
         Media Kit,Coordinación Media Centre F1,Dura 20 días,06/09/2024,03/10/2024,27/10/2024,24,Media Kit
      Análisis de insumos,Analista Experiencia al Cliente,Dura 20 días,06/09/2024,03/10/2024,27/10/2024,24,Análisis de insumos
         Registro de personal,Dirección de Operaciones F1,Dura 20 días,05/09/2024,02/10/2024,27/10/2024,25,Registro de personal
         Trámite aduanal envío de equipo,Dirección de Operaciones F1,Dura 10 días,19/09/2024,02/10/2024,27/10/2024,25,Trámite aduanal envío de equipo
"         Gestión Administrativa con gobierno local (acceso, representación, movilidad, tránsito)","Dirección de Operaciones F1,Gerente Producción F1",Dura 20 días,05/09/2024,02/10/2024,27/10/2024,25,"Gestión Administrativa con gobierno local (acceso, representación, movilidad, tránsito)"
         Primera entrega de Evidencias,Analista de Proyectos Entretenimiento F1,Dura 7 días,23/09/2024,01/10/2024,27/10/2024,26,Primera entrega de Evidencias
            Contar con agencia y estructura de capacitación de voluntarios,"Coordinación Experiencia al Cliente,Coordinación Experiencia al Cliente Corporativo F1,Gerencia de Experiencia al Cliente Hospitalidades y Protocolos F1,Gerencia de Redes Sociales F1,Gerencia de Relaciones Públicas F1,Gerente de Experiencia al Cliente C...",Dura 20 días,27/08/2024,23/09/2024,27/10/2024,34,Contar con agencia y estructura de capacitación de voluntarios
         Estimación Inicio de producción,"Analista de Proyectos Entretenimiento F1,Gerencia de Experiencia al Cliente Hospitalidades y Protocolos F1",Dura 45 días,22/07/2024,20/09/2024,27/10/2024,37,Estimación Inicio de producción
         Extensión de horarios,Gerencia Hospitalidades y Experiencias Premium F1,Dura 20 días,26/08/2024,20/09/2024,27/10/2024,37,Extensión de horarios
            Propuesta Menú,"Analista de Experiencia Culinaria,Analista Experiencia al Cliente,Gerencia Experiencia Culinaria F1",Dura 1 día,19/09/2024,19/09/2024,27/10/2024,38,Propuesta Menú
         Propuesta conceptual,Coordinación Media Centre F1,Dura 10 días,06/09/2024,19/09/2024,27/10/2024,38,Propuesta conceptual
         Alta de cliente en software de ventas o control de venta,"Gerencia de Administración e Información Comercial,Gerencia Comercial F1,Gerencia Sr. Comercial F1",Dura 220 días,16/11/2023,18/09/2024,27/10/2024,39,Alta de cliente en software de ventas o control de venta
         Contratos o cartas firmados por el cliente (Documentos del clientes para contrato),"Gerencia de Administración e Información Comercial,Gerencia Comercial F1,Gerencia Sr. Comercial F1,Delivery F1",Dura 220 días,16/11/2023,18/09/2024,27/10/2024,39,Contratos o cartas firmados por el cliente (Documentos del clientes para contrato)
         Asignación,"Coordinación Experiencia al Cliente,Coordinación Experiencia al Cliente Corporativo F1,Gerencia de Experiencia al Cliente Hospitalidades y Protocolos F1,Gerencia de Redes Sociales F1,Gerencia de Relaciones Públicas F1,Gerente de Experiencia al Cliente C...",Dura 2 días,17/09/2024,18/09/2024,27/10/2024,39,Asignación
         Trámite aduanal internación de maquinaria y equipo,Dirección de Operaciones F1,Dura 10 días,05/09/2024,18/09/2024,27/10/2024,39,Trámite aduanal internación de maquinaria y equipo
            Listo Manual de Voluntarios,"Coordinación Experiencia al Cliente,Coordinación Experiencia al Cliente Corporativo F1,Gerencia de Experiencia al Cliente Hospitalidades y Protocolos F1,Gerencia de Redes Sociales F1,Gerencia de Relaciones Públicas F1,Gerente de Experiencia al Cliente C...",Dura 15 días,27/08/2024,16/09/2024,27/10/2024,41,Listo Manual de Voluntarios
      5.3 Montaje Pit Lane (Supervisión),"Dirección de Operaciones F1,Dirección General CIE Internacional y F1",Dura 1 día,05/09/2024,05/09/2024,27/10/2024,52,
         Producción On Track,Dirección de Operaciones F1,Dura 1 día,05/09/2024,05/09/2024,27/10/2024,52,
            Contrato Dosai Fibra Optica,Dirección de Operaciones F1,Dura 1 día,05/09/2024,05/09/2024,27/10/2024,52,Contrato Dosai Fibra Optica
         Requerimientos OMDAI y FIA,Dirección General CIE Internacional y F1,Dura 1 día,05/09/2024,05/09/2024,27/10/2024,52,Requerimientos OMDAI y FIA
         4.10 Atención a Prensa y Medios,Coordinación Media Centre F1,Dura 130 días,07/03/2024,04/09/2024,27/10/2024,53,
"            Facilidades (espacios Media Center, traslados)",Coordinación Media Centre F1,Dura 70 días,30/05/2024,04/09/2024,27/10/2024,53,"Facilidades (espacios Media Center, traslados)"
            Planeación de amenidades y actividades (Kermesse),Coordinación Media Centre F1,Dura 70 días,30/05/2024,04/09/2024,27/10/2024,53,Planeación de amenidades y actividades (Kermesse)
            Check List General por Hospitalidad,"Coordinación Experiencia al Cliente,Coordinación Experiencia al Cliente Corporativo F1,Gerencia de Experiencia al Cliente Hospitalidades y Protocolos F1,Gerencia de Redes Sociales F1,Gerencia de Relaciones Públicas F1,Gerente de Experiencia al Cliente C...",Dura 1 día,02/09/2024,02/09/2024,27/10/2024,55,Check List General por Hospitalidad
            Team back al cierre equipo de Hospitalidades,"Coordinación Experiencia al Cliente,Coordinación Experiencia al Cliente Corporativo F1,Gerencia de Experiencia al Cliente Hospitalidades y Protocolos F1,Gerencia de Redes Sociales F1,Gerencia de Relaciones Públicas F1,Gerente de Experiencia al Cliente C...",Dura 1 día,30/08/2024,30/08/2024,27/10/2024,58,Team back al cierre equipo de Hospitalidades
         Logística de impresión (por Ticketmaster),Coordinación de Boletaje F1,Dura 1 día,29/08/2024,29/08/2024,27/10/2024,59,Logística de impresión (por Ticketmaster)
            Tertulias,"Coordinación Experiencia al Cliente,Coordinación Experiencia al Cliente Corporativo F1,Gerencia de Experiencia al Cliente Hospitalidades y Protocolos F1,Gerencia de Redes Sociales F1,Gerencia de Relaciones Públicas F1,Gerente de Experiencia al Cliente C...",Dura 2 días,28/08/2024,29/08/2024,27/10/2024,59,Tertulias
         Gestión de Autorización,Subdirectora Promotoría Exp Al Cliente y Sustentabilidad F1,Dura 5 días,22/08/2024,28/08/2024,27/10/2024,60,Gestión de Autorización
            Capacitación: Logística de funcionalidad y operación de las hospitalidades previo al evento,"Coordinación Experiencia al Cliente,Coordinación Experiencia al Cliente Corporativo F1,Gerencia de Experiencia al Cliente Hospitalidades y Protocolos F1,Gerencia de Redes Sociales F1,Gerencia de Relaciones Públicas F1,Gerente de Experiencia al Cliente C...",Dura 1 día,27/08/2024,27/08/2024,27/10/2024,61,Capacitación: Logística de funcionalidad y operación de las hospitalidades previo al evento
         Selección,"Coordinación Experiencia al Cliente,Coordinación Experiencia al Cliente Corporativo F1,Gerencia de Experiencia al Cliente Hospitalidades y Protocolos F1,Gerencia de Redes Sociales F1,Gerencia de Relaciones Públicas F1,Gerente de Experiencia al Cliente C...",Dura 20 días,30/07/2024,26/08/2024,27/10/2024,62,Selección
         Activaciones,Gerencia de Relaciones Públicas F1,Dura 1 día,23/08/2024,23/08/2024,27/10/2024,65,Activaciones
      9.2 Operación de Helipuertos,Gerencia de Seguridad Corporativa,Dura 70 días,20/05/2024,23/08/2024,27/10/2024,65,
         Coordinación traslados Médicos,Gerencia de Seguridad Corporativa,Dura 10 días,12/08/2024,23/08/2024,27/10/2024,65,Coordinación traslados Médicos
      4.4 Activaciones Marca,"Dirección Comercial F1,Gerencia Comercial F1,Gerencia de Administración e Información Comercial,Gerencia Sr. Comercial F1",Dura 149 días,29/01/2024,22/08/2024,27/10/2024,66,
         Propuesta conceptual,Analista de Proyectos Entretenimiento F1,Dura 149 días,29/01/2024,22/08/2024,27/10/2024,66,
            Entrega de boletos SUITE,Analista de Proyectos Entretenimiento F1,Dura 1 día,22/08/2024,22/08/2024,27/10/2024,66,Entrega de boletos SUITE
         Solicitud para la generación de boletos,Coordinación de Boletaje F1,Dura 200 días,16/11/2023,21/08/2024,27/10/2024,67,Solicitud para la generación de boletos
      3.5 Branding,Creativo F1,Dura 363 días,03/04/2023,21/08/2024,27/10/2024,67,
         Uso de Look&Feel en espacios y objetos,Gerente de Experiencia al Cliente Corporativos F1,Dura 200 días,16/11/2023,21/08/2024,27/10/2024,67,Uso de Look&Feel en espacios y objetos
         Programación,Analista de Proyectos Entretenimiento F1,Dura 10 días,01/08/2024,14/08/2024,27/10/2024,74,Programación
         Convocatoria Abierta para medios de comunicación,"Coordinación Experiencia al Cliente,Coordinación Experiencia al Cliente Corporativo F1,Gerencia de Experiencia al Cliente Hospitalidades y Protocolos F1,Gerencia de Redes Sociales F1,Gerencia de Relaciones Públicas F1,Gerente de Experiencia al Cliente C...",Dura 70 días,07/05/2024,12/08/2024,27/10/2024,76,Convocatoria Abierta para medios de comunicación
         Vuelos comerciales,Gerencia de Seguridad Corporativa,Dura 20 días,15/07/2024,09/08/2024,27/10/2024,79,Vuelos comerciales
         Validación por el cliente,Analista de Proyectos Entretenimiento F1,Dura 5 días,25/07/2024,31/07/2024,27/10/2024,88,Validación por el cliente
         Aprobación y rechazo de videos,"Coordinación Experiencia al Cliente,Coordinación Experiencia al Cliente Corporativo F1,Gerencia de Experiencia al Cliente Hospitalidades y Protocolos F1,Gerencia de Redes Sociales F1,Gerencia de Relaciones Públicas F1,Gerente de Experiencia al Cliente C...",Dura 1 día,29/07/2024,29/07/2024,27/10/2024,90,Aprobación y rechazo de videos
         Entrevistas virtuales,Coordinación Experiencia al Cliente,Dura 30 días,17/06/2024,26/07/2024,27/10/2024,93,Entrevistas virtuales
            Fecha límite para aprobar manual de pre carga,Analista de Proyectos Entretenimiento F1,Dura 20 días,27/06/2024,24/07/2024,27/10/2024,95,Fecha límite para aprobar manual de pre carga
            Fecha límite para aprobar artes de la pre carga,Analista de Proyectos Entretenimiento F1,Dura 20 días,27/06/2024,24/07/2024,27/10/2024,95,Fecha límite para aprobar artes de la pre carga
            Cierre de autorización de hospitalidades,"Dirección de Operaciones F1,Gerente Producción F1",Dura 1 día,22/07/2024,22/07/2024,27/10/2024,97,Cierre de autorización de hospitalidades
         Orden de compra entretenimiento,Analista de Proyectos Entretenimiento F1,Dura 5 días,15/07/2024,19/07/2024,27/10/2024,100,Orden de compra entretenimiento
            Autorización de presupuesto de hospitalidades,"Dirección de Operaciones F1,Gerente Producción F1",Dura 10 días,08/07/2024,19/07/2024,27/10/2024,100,Autorización de presupuesto de hospitalidades
         Directorio de proveedores,"Coordinación de Compras F1,Subdirección Planeación Estratégica",Dura 123 días,29/01/2024,17/07/2024,27/10/2024,102,
            Cotizacion de sobres para boletos RP impresos,"Coordinación de Compras F1,Subdirección Planeación Estratégica",Dura 123 días,29/01/2024,17/07/2024,27/10/2024,102,Cotizacion de sobres para boletos RP impresos
         Contrato Agencias entretenimiento,Analista de Proyectos Entretenimiento F1,Dura 15 días,24/06/2024,12/07/2024,27/10/2024,107,Contrato Agencias entretenimiento
"            Solicitud de infraestructura (gas, agua, suministro eléctrico)","Dirección de Operaciones F1,Gerente Producción F1",Dura 5 días,08/07/2024,12/07/2024,27/10/2024,107,"Solicitud de infraestructura (gas, agua, suministro eléctrico)"
            Autorización y solicitud de recubrimientos a proveedores,"Dirección de Operaciones F1,Gerente Producción F1",Dura 5 días,08/07/2024,12/07/2024,27/10/2024,107,Autorización y solicitud de recubrimientos a proveedores
         Coordinación FLY ACROSS,Gerencia de Seguridad Corporativa,Dura 20 días,17/06/2024,12/07/2024,27/10/2024,107,Coordinación FLY ACROSS
            Aplicación Master Graphic. Propuesta para muros/divisiones y pisos. Entrega física,"Dirección de Operaciones F1,Gerente Producción F1",Dura 4 días,08/07/2024,11/07/2024,27/10/2024,108,Aplicación Master Graphic. Propuesta para muros/divisiones y pisos. Entrega física
            Recorrido interno,"Coordinación Experiencia al Cliente,Coordinación Experiencia al Cliente Corporativo F1,Gerencia de Experiencia al Cliente Hospitalidades y Protocolos F1,Gerencia de Redes Sociales F1,Gerencia de Relaciones Públicas F1,Gerente de Experiencia al Cliente C...",Dura 1 día,09/07/2024,09/07/2024,27/10/2024,110,Recorrido interno
"            Solicitud de carpas, octanorm y pisos a proveedores","Dirección de Operaciones F1,Gerente Producción F1",Dura 1 día,08/07/2024,08/07/2024,27/10/2024,111,"Solicitud de carpas, octanorm y pisos a proveedores"
            Autorización y solicitud de mobiliario a proveedores,"Dirección de Operaciones F1,Gerente Producción F1",Dura 1 día,08/07/2024,08/07/2024,27/10/2024,111,Autorización y solicitud de mobiliario a proveedores
            Nussli grada SLS Estructuras,"Dirección de Operaciones F1,Gerente Producción F1",Dura 1 día,08/07/2024,08/07/2024,27/10/2024,111,Nussli grada SLS Estructuras
            Presentacion Aluminio PPT,"Coordinación Experiencia al Cliente,Coordinación Experiencia al Cliente Corporativo F1,Gerencia de Experiencia al Cliente Hospitalidades y Protocolos F1,Gerencia de Redes Sociales F1,Gerencia de Relaciones Públicas F1,Gerente de Experiencia al Cliente C...",Dura 1 día,08/07/2024,08/07/2024,27/10/2024,111,Presentacion Aluminio PPT
            Enviar pull telehanders ontrack Maquinaria,"Coordinación Experiencia al Cliente,Coordinación Experiencia al Cliente Corporativo F1,Gerencia de Experiencia al Cliente Hospitalidades y Protocolos F1,Gerencia de Redes Sociales F1,Gerencia de Relaciones Públicas F1,Gerente de Experiencia al Cliente C...",Dura 1 día,08/07/2024,08/07/2024,27/10/2024,111,Enviar pull telehanders ontrack Maquinaria
            Cotizacion piso BackStage Piso,"Coordinación Experiencia al Cliente,Coordinación Experiencia al Cliente Corporativo F1,Gerencia de Experiencia al Cliente Hospitalidades y Protocolos F1,Gerencia de Redes Sociales F1,Gerencia de Relaciones Públicas F1,Gerente de Experiencia al Cliente C...",Dura 1 día,08/07/2024,08/07/2024,27/10/2024,111,Cotizacion piso BackStage Piso
            Proveedores de Renders,"Coordinación Experiencia al Cliente,Coordinación Experiencia al Cliente Corporativo F1,Gerencia de Experiencia al Cliente Hospitalidades y Protocolos F1,Gerencia de Redes Sociales F1,Gerencia de Relaciones Públicas F1,Gerente de Experiencia al Cliente C...",Dura 1 día,08/07/2024,08/07/2024,27/10/2024,111,Proveedores de Renders
            Definicion de Proveedor Ambientacion Diseño de Look & Feel,"Coordinación Experiencia al Cliente,Coordinación Experiencia al Cliente Corporativo F1,Gerencia de Experiencia al Cliente Hospitalidades y Protocolos F1,Gerencia de Redes Sociales F1,Gerencia de Relaciones Públicas F1,Gerente de Experiencia al Cliente C...",Dura 1 día,08/07/2024,08/07/2024,27/10/2024,111,Definicion de Proveedor Ambientacion Diseño de Look & Feel
"            Entrega de renders y layouts Agencias, Live Events y MKP","Dirección de Operaciones F1,Gerente Producción F1",Dura 1 día,05/07/2024,05/07/2024,27/10/2024,114,"Entrega de renders y layouts Agencias, Live Events y MKP"
            Entrega de gráficos para intervención de hospitalidades,"Dirección de Operaciones F1,Gerente Producción F1",Dura 1 día,05/07/2024,05/07/2024,27/10/2024,114,Entrega de gráficos para intervención de hospitalidades
            Contrato y alta Macrane Maquinaria,"Dirección de Operaciones F1,Gerente Producción F1",Dura 1 día,05/07/2024,05/07/2024,27/10/2024,114,Contrato y alta Macrane Maquinaria
            Sanirent Oficinas moviles,"Dirección de Operaciones F1,Gerente Producción F1",Dura 1 día,05/07/2024,05/07/2024,27/10/2024,114,Sanirent Oficinas moviles
"            Sembrado de mobiliario (Aforo de acuerdo al brief de cada hospitalidad) Propuesta de iluminación, materiales y showroom físico","Dirección de Operaciones F1,Gerente Producción F1",Dura 5 días,28/06/2024,04/07/2024,27/10/2024,115,"Sembrado de mobiliario (Aforo de acuerdo al brief de cada hospitalidad) Propuesta de iluminación, materiales y showroom físico"
"            Fecha límite para aprobar backs, faldones, copetes y pallets",Analista de Proyectos Entretenimiento F1,Dura 1 día,27/06/2024,27/06/2024,27/10/2024,122,"Fecha límite para aprobar backs, faldones, copetes y pallets"
            Fecha límite para aprobar bonificación y mandar a producir pallets,Analista de Proyectos Entretenimiento F1,Dura 1 día,27/06/2024,27/06/2024,27/10/2024,122,Fecha límite para aprobar bonificación y mandar a producir pallets
"            Definición de espacio de bodegas y cocina debajo de las Gradas PP eses, TSB A y Sports Lounge Azul","Dirección de Operaciones F1,Gerente Producción F1",Dura 3 días,25/06/2024,27/06/2024,27/10/2024,122,"Definición de espacio de bodegas y cocina debajo de las Gradas PP eses, TSB A y Sports Lounge Azul"
         Publicación de contenidos,"Gerencia de Redes Sociales F1,Gerencia de Relaciones Públicas F1,Dirección de Mercadotecnia F1,Gerencia de Mercadotecnia F1",Dura 11 días,13/06/2024,27/06/2024,27/10/2024,122,
            Entrega de bases finales para impresión - digitalización,Gerencia de Redes Sociales F1,Dura 1 día,27/06/2024,27/06/2024,27/10/2024,122,Entrega de bases finales para impresión - digitalización
            Fecha límite para aprobar manual de recarga citibanamex cashless,Analista de Proyectos Entretenimiento F1,Dura 85 días,29/02/2024,26/06/2024,27/10/2024,123,Fecha límite para aprobar manual de recarga citibanamex cashless
            Entrega de bases para revisión del primer semestre,Gerencia de Redes Sociales F1,Dura 1 día,26/06/2024,26/06/2024,27/10/2024,123,Entrega de bases para revisión del primer semestre
            Respuesta revisión de bases,Dirección de Mercadotecnia F1,Dura 3 días,21/06/2024,25/06/2024,27/10/2024,124,Respuesta revisión de bases
         Logística de entrega,Coordinación de Compras F1,Dura 1 día,25/06/2024,25/06/2024,27/10/2024,124,Logística de entrega
         Criterios de evaluación,Coordinación de Compras F1,Dura 1 día,25/06/2024,25/06/2024,27/10/2024,124,Criterios de evaluación
            Autorización de personalización suite,"Dirección de Operaciones F1,Gerente Producción F1",Dura 3 días,20/06/2024,24/06/2024,27/10/2024,125,Autorización de personalización suite
            Aplicación de Moodboard a materiales y mobiliario,"Dirección de Operaciones F1,Gerente Producción F1",Dura 3 días,20/06/2024,24/06/2024,27/10/2024,125,Aplicación de Moodboard a materiales y mobiliario
      12.4 Requisición,Coordinación de Compras F1,Dura 264 días,21/06/2023,24/06/2024,27/10/2024,125,
         Contrato,Coordinación de Compras F1,Dura 10 días,11/06/2024,24/06/2024,27/10/2024,125,Contrato
         Correcciones FOM,Analista de Proyectos Entretenimiento F1,Dura 14 días,04/06/2024,21/06/2024,27/10/2024,128,Correcciones FOM
         Consignas de Seguridad,Gerencia de Seguridad Corporativa,Dura 15 días,03/06/2024,21/06/2024,27/10/2024,128,Consignas de Seguridad
            Entrega de anexo nota metodológica,"Gerencia de Redes Sociales F1,Gerencia de Relaciones Públicas F1,Dirección de Mercadotecnia F1,Gerencia de Mercadotecnia F1",Dura 5 días,14/06/2024,20/06/2024,27/10/2024,129,Entrega de anexo nota metodológica
            Autorización de placas para clientes,"Dirección de Operaciones F1,Gerente Producción F1",Dura 3 días,17/06/2024,19/06/2024,27/10/2024,130,Autorización de placas para clientes
"            Brief para Agencias que realizarán un all In a Terrza A, Speed Lounge Amarillo y Speed Lounge 8A","Dirección de Operaciones F1,Gerente Producción F1",Dura 3 días,17/06/2024,19/06/2024,27/10/2024,130,"Brief para Agencias que realizarán un all In a Terrza A, Speed Lounge Amarillo y Speed Lounge 8A"
            Tower Estructuras,"Dirección de Operaciones F1,Gerente Producción F1",Dura 3 días,17/06/2024,19/06/2024,27/10/2024,130,Tower Estructuras
            Plus Muebles,"Dirección de Operaciones F1,Gerente Producción F1",Dura 3 días,17/06/2024,19/06/2024,27/10/2024,130,Plus Muebles
            William Scotman oficinas Oficinas moviles,"Dirección de Operaciones F1,Gerente Producción F1",Dura 3 días,17/06/2024,19/06/2024,27/10/2024,130,William Scotman oficinas Oficinas moviles
            PSH Oficinas moviles,"Dirección de Operaciones F1,Gerente Producción F1",Dura 3 días,17/06/2024,19/06/2024,27/10/2024,130,PSH Oficinas moviles
            Entrega de últimos detalles de mood board,"Dirección de Operaciones F1,Gerente Producción F1",Dura 3 días,17/06/2024,19/06/2024,27/10/2024,130,Entrega de últimos detalles de mood board
"            Sombra para MGS, CMB, PPB","Dirección de Operaciones F1,Gerente Producción F1",Dura 3 días,17/06/2024,19/06/2024,27/10/2024,130,"Sombra para MGS, CMB, PPB"
            Brief Hospitalidades Live Events y MKP,"Dirección de Operaciones F1,Gerente Producción F1",Dura 3 días,17/06/2024,19/06/2024,27/10/2024,130,Brief Hospitalidades Live Events y MKP
         Scouting voluntarios hosp,"Coordinación Experiencia al Cliente,Coordinación Experiencia al Cliente Corporativo F1,Gerencia de Experiencia al Cliente Hospitalidades y Protocolos F1,Gerencia de Redes Sociales F1,Gerencia de Relaciones Públicas F1,Gerente de Experiencia al Cliente C...",Dura 1 día,17/06/2024,17/06/2024,27/10/2024,132,Scouting voluntarios hosp
            Entrega de bases para revisión del primer semestre,"Coordinación de Compras F1,Subdirección Planeación Estratégica",Dura 30 días,07/05/2024,17/06/2024,27/10/2024,132,Entrega de bases para revisión del primer semestre
         Selección de proveedores,Gerencia de Experiencia al Cliente Hospitalidades y Protocolos F1,Dura 20 días,21/05/2024,17/06/2024,27/10/2024,132,Selección de proveedores
         Filtrado pre-registro,"Coordinación Experiencia al Cliente,Coordinación Experiencia al Cliente Corporativo F1,Gerencia de Experiencia al Cliente Hospitalidades y Protocolos F1,Gerencia de Redes Sociales F1,Gerencia de Relaciones Públicas F1,Gerente de Experiencia al Cliente C...",Dura 1 día,14/06/2024,14/06/2024,27/10/2024,135,Filtrado pre-registro
         Entrevistas presenciales,"Coordinación Experiencia al Cliente,Coordinación Experiencia al Cliente Corporativo F1,Gerencia de Experiencia al Cliente Hospitalidades y Protocolos F1,Gerencia de Redes Sociales F1,Gerencia de Relaciones Públicas F1,Gerente de Experiencia al Cliente C...",Dura 1 día,14/06/2024,14/06/2024,27/10/2024,135,Entrevistas presenciales
            Autorización de pruebas de color,"Dirección de Operaciones F1,Gerente Producción F1",Dura 3 días,12/06/2024,14/06/2024,27/10/2024,135,Autorización de pruebas de color
         Permisos,Gerencia de Seguridad Corporativa,Dura 20 días,20/05/2024,14/06/2024,27/10/2024,135,Permisos
         Adhesión a imagen del cliente,"Dirección Comercial F1,Gerencia Comercial F1,Gerencia Sr. Comercial F1,Creativo F1,Gerente Producción F1,Subdirectora Promotoría Exp Al Cliente y Sustentabilidad F1",Dura 1 día,13/06/2024,13/06/2024,27/10/2024,136,Adhesión a imagen del cliente
         Pre registro,"Gerencia de Experiencia al Cliente Hospitalidades y Protocolos F1,Coordinación Experiencia al Cliente",Dura 1 día,13/06/2024,13/06/2024,27/10/2024,136,Pre registro
            Revisión y entrega de template para reporte de cobertura de medios,"Gerencia de Redes Sociales F1,Gerencia de Relaciones Públicas F1,Dirección de Mercadotecnia F1,Gerencia de Mercadotecnia F1",Dura 1 día,13/06/2024,13/06/2024,27/10/2024,136,Revisión y entrega de template para reporte de cobertura de medios
         Definición de espacios y tamaño de montaje,"Creativo F1,Gerente Producción F1,Gerente de Experiencia al Cliente Corporativos F1",Dura 150 días,16/11/2023,12/06/2024,27/10/2024,137,Definición de espacios y tamaño de montaje
         Teaser 1 Convocatorio redes sociales,"Coordinación Experiencia al Cliente,Coordinación Experiencia al Cliente Corporativo F1,Gerencia de Experiencia al Cliente Hospitalidades y Protocolos F1,Gerencia de Redes Sociales F1,Gerencia de Relaciones Públicas F1,Gerente de Experiencia al Cliente C...",Dura 1 día,12/06/2024,12/06/2024,27/10/2024,137,Teaser 1 Convocatorio redes sociales
         Elaboración de contenidos,"Gerencia de Redes Sociales F1,Gerencia de Relaciones Públicas F1,Dirección de Mercadotecnia F1,Gerencia de Mercadotecnia F1",Dura 1 día,12/06/2024,12/06/2024,27/10/2024,137,
            Recepción de gráficas,"Gerencia de Redes Sociales F1,Gerencia de Relaciones Públicas F1,Dirección de Mercadotecnia F1,Gerencia de Mercadotecnia F1",Dura 1 día,12/06/2024,12/06/2024,27/10/2024,137,Recepción de gráficas
         Convocatoria,"Coordinación Experiencia al Cliente,Gerencia de Experiencia al Cliente Hospitalidades y Protocolos F1",Dura 5 días,05/06/2024,11/06/2024,27/10/2024,138,Convocatoria
            Entrega de altas a proveedor para pruebas de color,"Dirección de Operaciones F1,Gerente Producción F1",Dura 3 días,07/06/2024,11/06/2024,27/10/2024,138,Entrega de altas a proveedor para pruebas de color
      9.1 Acreditación de Escoltas,Gerencia de Seguridad Corporativa,Dura 17 días,20/05/2024,11/06/2024,27/10/2024,138,
         Listado de personal acreditado,Gerencia de Seguridad Corporativa,Dura 1 día,11/06/2024,11/06/2024,27/10/2024,138,Listado de personal acreditado
         Definición de pautado Marketing Digital,Gerencia de Redes Sociales F1,Dura 40 días,17/04/2024,11/06/2024,27/10/2024,138,Definición de pautado Marketing Digital
         Formulario,Gerencia de Seguridad Corporativa,Dura 1 día,10/06/2024,10/06/2024,27/10/2024,139,Formulario
         Orden de compra,Coordinación de Compras F1,Dura 20 días,14/05/2024,10/06/2024,27/10/2024,139,Orden de compra
         Datos de registro,Gerencia de Seguridad Corporativa,Dura 15 días,20/05/2024,07/06/2024,27/10/2024,142,Datos de registro
            Entrega de altas de logos,"Dirección de Operaciones F1,Gerente Producción F1",Dura 3 días,04/06/2024,06/06/2024,27/10/2024,143,Entrega de altas de logos
            Uniformes de PR Textiles,"Coordinación de Compras F1,Subdirección Planeación Estratégica",Dura 1 día,06/06/2024,06/06/2024,27/10/2024,143,Uniformes de PR Textiles
         4.8 Experiencia al Cliente Premium,"Dirección General CIE Internacional y F1,Gerencia de Experiencia al Cliente Hospitalidades y Protocolos F1,Subdirectora Promotoría Exp Al Cliente y Sustentabilidad F1",Dura 22 días?,07/05/2024,05/06/2024,27/10/2024,144,
            Amenities (físicas),Gerencia Hospitalidades y Experiencias Premium F1,Dura 22 días?,07/05/2024,05/06/2024,27/10/2024,144,
               Aprobación de requerimientos de uniforme (äreas) ,"Dirección General CIE Internacional y F1,Subdirectora Promotoría Exp Al Cliente y Sustentabilidad F1",Dura 1 día?,05/06/2024,05/06/2024,27/10/2024,144,Aprobación de requerimientos de uniforme (äreas)
         Convocatorio universidades,"Coordinación Media Centre F1,Gerente Producción F1,Creativo F1",Dura 1 día,04/06/2024,04/06/2024,27/10/2024,145,Convocatorio universidades
               Levantamiento de requerimientos de uniformes ,"Dirección General CIE Internacional y F1,Subdirectora Promotoría Exp Al Cliente y Sustentabilidad F1",Dura 10 días,22/05/2024,04/06/2024,27/10/2024,145,Levantamiento de requerimientos de uniformes
            Acreditación de montaje,"Coordinación Experiencia al Cliente,Coordinación Experiencia al Cliente Corporativo F1,Gerencia de Experiencia al Cliente Hospitalidades y Protocolos F1,Gerencia de Redes Sociales F1,Gerencia de Relaciones Públicas F1,Gerente de Experiencia al Cliente C...",Dura 1 día,04/06/2024,04/06/2024,27/10/2024,145,Acreditación de montaje
         Envío a FOM,Analista de Proyectos Entretenimiento F1,Dura 1 día,03/06/2024,03/06/2024,27/10/2024,146,Envío a FOM
         Pre-registro oficial,"Coordinación Media Centre F1,Gerente Producción F1",Dura 5 días,28/05/2024,03/06/2024,27/10/2024,146,Pre-registro oficial
            Scouting en autódromo Hermanos Rodriguez,"Dirección de Operaciones F1,Gerente Producción F1",Dura 10 días,21/05/2024,03/06/2024,27/10/2024,146,Scouting en autódromo Hermanos Rodriguez
            Autorización de logos,"Dirección de Operaciones F1,Gerente Producción F1",Dura 20 días,07/05/2024,03/06/2024,27/10/2024,146,Autorización de logos
         Correcciones Renders,Analista de Proyectos Entretenimiento F1,Dura 14 días,14/05/2024,31/05/2024,27/10/2024,149,Correcciones Renders
         Normas de Seguridad,Gerencia de Seguridad Corporativa,Dura 10 días,20/05/2024,31/05/2024,27/10/2024,149,Normas de Seguridad
            Planeación (Media Kit),Coordinación Media Centre F1,Dura 60 días,07/03/2024,29/05/2024,27/10/2024,151,Planeación (Media Kit)
            Muestras de Lanyard Textiles,"Coordinación de Compras F1,Subdirección Planeación Estratégica",Dura 1 día,28/05/2024,28/05/2024,27/10/2024,152,Muestras de Lanyard Textiles
"         Sesiones con Universidades, (Contar con todos los convenios con Universidades firmados).","Coordinación Experiencia al Cliente,Coordinación Experiencia al Cliente Corporativo F1,Gerencia de Experiencia al Cliente Hospitalidades y Protocolos F1,Gerencia de Redes Sociales F1,Gerencia de Relaciones Públicas F1,Gerente de Experiencia al Cliente C...",Dura 10 días,14/05/2024,27/05/2024,27/10/2024,153,"Sesiones con Universidades, (Contar con todos los convenios con Universidades firmados)."
               Lanyard hospitalidades,"Dirección General CIE Internacional y F1,Gerencia de Experiencia al Cliente Hospitalidades y Protocolos F1,Subdirectora Promotoría Exp Al Cliente y Sustentabilidad F1",Dura 14 días,08/05/2024,27/05/2024,27/10/2024,153,
                  Aprobación Lanyard hospitalidades,"Dirección General CIE Internacional y F1,Gerencia de Experiencia al Cliente Hospitalidades y Protocolos F1,Subdirectora Promotoría Exp Al Cliente y Sustentabilidad F1",Dura 13 días,09/05/2024,27/05/2024,27/10/2024,153,Aprobación Lanyard hospitalidades
               Lanyard Grada,"Dirección General CIE Internacional y F1,Gerencia de Experiencia al Cliente Hospitalidades y Protocolos F1,Subdirectora Promotoría Exp Al Cliente y Sustentabilidad F1",Dura 14 días,08/05/2024,27/05/2024,27/10/2024,153,
                  Aprobación Lanyard Grada,"Dirección General CIE Internacional y F1,Subdirectora Promotoría Exp Al Cliente y Sustentabilidad F1",Dura 13 días,09/05/2024,27/05/2024,27/10/2024,153,Aprobación Lanyard Grada
               Playera,"Dirección General CIE Internacional y F1,Gerencia de Experiencia al Cliente Hospitalidades y Protocolos F1,Subdirectora Promotoría Exp Al Cliente y Sustentabilidad F1",Dura 14 días,08/05/2024,27/05/2024,27/10/2024,153,
                  Aprobación Playera Campaña,"Dirección General CIE Internacional y F1,Subdirectora Promotoría Exp Al Cliente y Sustentabilidad F1",Dura 13 días,09/05/2024,27/05/2024,27/10/2024,153,Aprobación Playera Campaña
               Gorra,"Dirección General CIE Internacional y F1,Subdirectora Promotoría Exp Al Cliente y Sustentabilidad F1",Dura 14 días,08/05/2024,27/05/2024,27/10/2024,153,
                  Aprobación Gorra Campaña,"Dirección General CIE Internacional y F1,Subdirectora Promotoría Exp Al Cliente y Sustentabilidad F1",Dura 13 días,09/05/2024,27/05/2024,27/10/2024,153,Aprobación Gorra Campaña
         Planeación Media Kit,Gerencia de Relaciones Públicas F1,Dura 15 días,07/05/2024,27/05/2024,27/10/2024,153,Planeación Media Kit
         Monitoreo de Publicaciones de Redes Sociales,"Gerencia de Redes Sociales F1,Gerencia de Relaciones Públicas F1,Dirección de Mercadotecnia F1,Gerencia de Mercadotecnia F1",Dura 12 días,07/05/2024,22/05/2024,27/10/2024,158,
            Entrega de capítulo eventos especiales Parte 1,Gerencia de Experiencia al Cliente Hospitalidades y Protocolos F1,Dura 1 día,22/05/2024,22/05/2024,27/10/2024,158,Entrega de capítulo eventos especiales Parte 1
   11.Sostenibilidad,Coordinador de Sostenibilidad F1,Dura 12 días,07/05/2024,22/05/2024,27/10/2024,158,
      11.3 Evaluación de acciones de Sostenibilidad,Coordinador de Sostenibilidad F1,Dura 1 día,22/05/2024,22/05/2024,27/10/2024,158,
         Acciones para el Cambio,Coordinación de Compras F1,Dura 1 día,22/05/2024,22/05/2024,27/10/2024,158,Acciones para el Cambio
               Selección de Uniformes ,"Dirección General CIE Internacional y F1,Subdirectora Promotoría Exp Al Cliente y Sustentabilidad F1",Dura 10 días,08/05/2024,21/05/2024,27/10/2024,159,Selección de Uniformes
            Entrega de bases finales monitoreo,Gerencia de Experiencia al Cliente Hospitalidades y Protocolos F1,Dura 10 días,08/05/2024,21/05/2024,27/10/2024,159,Entrega de bases finales monitoreo
      11.2 Gobierno Corporativo,Coordinador de Sostenibilidad F1,Dura 11 días,07/05/2024,21/05/2024,27/10/2024,159,
         Objetivos estratégicos de FOM,Coordinador de Sostenibilidad F1,Dura 5 días,15/05/2024,21/05/2024,27/10/2024,159,Objetivos estratégicos de FOM
         Pre-Producción,"Dirección Comercial F1,Gerencia Comercial F1,Gerencia de Administración e Información Comercial,Gerencia Sr. Comercial F1",Dura 296 días,03/04/2023,20/05/2024,27/10/2024,160,
            Aprobación de lonas en grada,"Dirección de Operaciones F1,Gerente Producción F1",Dura 10 días,07/05/2024,20/05/2024,27/10/2024,160,Aprobación de lonas en grada
         Reuniones y Reglamento de Seguridad,Gerencia de Seguridad Corporativa,Dura 0 días,20/05/2024,20/05/2024,27/10/2024,160,
         Definición de aspectos a evaluar,Gerencia de Experiencia al Cliente Hospitalidades y Protocolos F1,Dura 10 días,07/05/2024,20/05/2024,27/10/2024,160,Definición de aspectos a evaluar
         Orden del día,Coordinador de Sostenibilidad F1,Dura 1 día,14/05/2024,14/05/2024,27/10/2024,166,Orden del día
         Programación (Envío a Mkt),Analista de Proyectos Entretenimiento F1,Dura 17 días,19/04/2024,13/05/2024,27/10/2024,167,Programación (Envío a Mkt)
         Planeación programa de voluntarios,"Coordinación Experiencia al Cliente,Coordinación Experiencia al Cliente Corporativo F1,Gerencia de Experiencia al Cliente Hospitalidades y Protocolos F1,Gerencia de Redes Sociales F1,Gerencia de Relaciones Públicas F1,Gerente de Experiencia al Cliente C...",Dura 5 días,07/05/2024,13/05/2024,27/10/2024,167,Planeación programa de voluntarios
            Aprobación totems señalización,"Dirección de Operaciones F1,Gerente Producción F1",Dura 5 días,07/05/2024,13/05/2024,27/10/2024,167,Aprobación totems señalización
      11.1 Estrategia de Sostenibilidad,Coordinador de Sostenibilidad F1,Dura 5 días,07/05/2024,13/05/2024,27/10/2024,167,
         Política de Sustentabilidad,Coordinador de Sostenibilidad F1,Dura 5 días,07/05/2024,13/05/2024,27/10/2024,167,Política de Sustentabilidad
         Objetivos de Sustentabilidad,Coordinador de Sostenibilidad F1,Dura 5 días,07/05/2024,13/05/2024,27/10/2024,167,Objetivos de Sustentabilidad
         Líneas Estratégicas,Coordinador de Sostenibilidad F1,Dura 5 días,07/05/2024,13/05/2024,27/10/2024,167,Líneas Estratégicas
         Estrategia de Sostenibilidad,Coordinador de Sostenibilidad F1,Dura 5 días,07/05/2024,13/05/2024,27/10/2024,167,Estrategia de Sostenibilidad
         Requisición,Coordinación de Compras F1,Dura 234 días,21/06/2023,13/05/2024,27/10/2024,167,Requisición
                  Selección de Lanyard hospitalidades,"Dirección General CIE Internacional y F1,Gerencia de Experiencia al Cliente Hospitalidades y Protocolos F1,Subdirectora Promotoría Exp Al Cliente y Sustentabilidad F1",Dura 1 día,08/05/2024,08/05/2024,27/10/2024,172,Selección de Lanyard hospitalidades
                  Selección Lanyard Grada,"Dirección General CIE Internacional y F1,Subdirectora Promotoría Exp Al Cliente y Sustentabilidad F1",Dura 1 día,08/05/2024,08/05/2024,27/10/2024,172,Selección Lanyard Grada
                  Selección Playera Campaña ,"Dirección General CIE Internacional y F1,Subdirectora Promotoría Exp Al Cliente y Sustentabilidad F1",Dura 1 día,08/05/2024,08/05/2024,27/10/2024,172,Selección Playera Campaña
                  Selección Gorra Campaña ,"Dirección General CIE Internacional y F1,Subdirectora Promotoría Exp Al Cliente y Sustentabilidad F1",Dura 1 día,08/05/2024,08/05/2024,27/10/2024,172,Selección Gorra Campaña
         Página Web México GP Lista,"Coordinación Experiencia al Cliente,Coordinación Experiencia al Cliente Corporativo F1,Gerencia de Experiencia al Cliente Hospitalidades y Protocolos F1,Gerencia de Redes Sociales F1,Gerencia de Relaciones Públicas F1,Gerente de Experiencia al Cliente C...",Dura 1 día,07/05/2024,07/05/2024,27/10/2024,173,Página Web México GP Lista
               Give away hospitalidades,Gerencia Hospitalidades y Experiencias Premium F1,Dura 1 día,07/05/2024,07/05/2024,27/10/2024,173,Give away hospitalidades
            Entrega de Master Graphic,"Dirección de Operaciones F1,Gerente Producción F1",Dura 1 día,07/05/2024,07/05/2024,27/10/2024,173,Entrega de Master Graphic
            Revisión y pruebas de Look& Feel,"Dirección de Operaciones F1,Gerente Producción F1",Dura 1 día,07/05/2024,07/05/2024,27/10/2024,173,Revisión y pruebas de Look& Feel
            Revisión de bases finales monitoreo,Gerencia de Experiencia al Cliente Hospitalidades y Protocolos F1,Dura 1 día,07/05/2024,07/05/2024,27/10/2024,173,Revisión de bases finales monitoreo
            Entrega de reporte fotográfico para revisión completa,"Coordinación de Compras F1,Subdirección Planeación Estratégica",Dura 1 día,07/05/2024,07/05/2024,27/10/2024,173,Entrega de reporte fotográfico para revisión completa
      4.2 Activaciones,Gerencia de Administración e Información Comercial,Dura 71 días,29/01/2024,06/05/2024,27/10/2024,174,
         Ubicación,"Analista de Proyectos Entretenimiento F1,Gerencia de Experiencia al Cliente Hospitalidades y Protocolos F1",Dura 10 días,23/04/2024,06/05/2024,27/10/2024,174,Ubicación
         Programación,"Analista de Proyectos Entretenimiento F1,Gerencia de Experiencia al Cliente Hospitalidades y Protocolos F1",Dura 15 días,02/04/2024,22/04/2024,27/10/2024,188,Programación
         Validación Dirección General,Analista de Proyectos Entretenimiento F1,Dura 7 días,10/04/2024,18/04/2024,27/10/2024,192,Validación Dirección General
         Reunión Kick Off,"Gerencia de Redes Sociales F1,Gerencia de Relaciones Públicas F1,Dirección de Mercadotecnia F1,Gerencia de Mercadotecnia F1",Dura 1 día,16/04/2024,16/04/2024,27/10/2024,194,Reunión Kick Off
      10.1 Planeación de campañas de difusión y promoción,"Gerencia de Redes Sociales F1,Gerencia de Relaciones Públicas F1,Dirección de Mercadotecnia F1,Gerencia de Mercadotecnia F1",Dura 1 día,15/04/2024,15/04/2024,27/10/2024,195,
         Planeación de objetivos de campaña y Briefs,Gerencia Mercadotecnia Digital F1,Dura 1 día,15/04/2024,15/04/2024,27/10/2024,195,
         Presentación aprobación Subdirección,Analista de Proyectos Entretenimiento F1,Dura 7 días,01/04/2024,09/04/2024,27/10/2024,201,Presentación aprobación Subdirección
         Validación por el cliente,"Analista de Proyectos Entretenimiento F1,Gerencia de Experiencia al Cliente Hospitalidades y Protocolos F1",Dura 15 días,12/03/2024,01/04/2024,27/10/2024,209,Validación por el cliente
         Presentación entretenimiento,"Gerencia de Experiencia al Cliente Hospitalidades y Protocolos F1,Subdirectora Promotoría Exp Al Cliente y Sustentabilidad F1",Dura 4 días,26/03/2024,29/03/2024,27/10/2024,212,Presentación entretenimiento
         Muestras de bolsas ecologicas Promocionales,"Coordinación Experiencia al Cliente,Coordinación Experiencia al Cliente Corporativo F1,Gerencia de Experiencia al Cliente Hospitalidades y Protocolos F1,Gerencia de Redes Sociales F1,Gerencia de Relaciones Públicas F1,Gerente de Experiencia al Cliente C...",Dura 200 días,21/06/2023,26/03/2024,27/10/2024,215,Muestras de bolsas ecologicas Promocionales
         Versión final Agencias,Analista de Proyectos Entretenimiento F1,Dura 1 día,25/03/2024,25/03/2024,27/10/2024,216,Versión final Agencias
         Negociación con Compras,Analista de Proyectos Entretenimiento F1,Dura 5 días,18/03/2024,22/03/2024,27/10/2024,219,Negociación con Compras
         Propuesta de entretenimiento (Lista),Analista de Proyectos Entretenimiento F1,Dura 1 día,15/03/2024,15/03/2024,27/10/2024,226,Propuesta de entretenimiento (Lista)
         Ajustes IV,Analista de Proyectos Entretenimiento F1,Dura 13 días,27/02/2024,14/03/2024,27/10/2024,227,Ajustes IV
         Propuesta conceptual,"Gerencia de Experiencia al Cliente Hospitalidades y Protocolos F1,Gerente Producción F1,Subdirectora Promotoría Exp Al Cliente y Sustentabilidad F1",Dura 30 días,30/01/2024,11/03/2024,27/10/2024,230,Propuesta conceptual
         4.9 Plataforma,Líder Proyectos y Plataformas,Dura 182 días,28/06/2023,07/03/2024,27/10/2024,234,
            Inicio de programación y pruebas plataforma,Líder Proyectos y Plataformas,Dura 1 día,07/03/2024,07/03/2024,27/10/2024,234,Inicio de programación y pruebas plataforma
            Implementación de mejoras ,Líder Proyectos y Plataformas,Dura 90 días,02/11/2023,06/03/2024,27/10/2024,235,Implementación de mejoras
            Fecha límite para aprobar diseño de playeras,Analista de Proyectos Entretenimiento F1,Dura 23 días,29/01/2024,28/02/2024,27/10/2024,242,Fecha límite para aprobar diseño de playeras
         Presentación Agencias,Analista de Proyectos Entretenimiento F1,Dura 21 días,29/01/2024,26/02/2024,27/10/2024,244,Presentación Agencias
         Planeación,"Gerencia de Experiencia al Cliente Hospitalidades y Protocolos F1,Analista de Proyectos Entretenimiento F1,Analista Experiencia al Cliente,Gerente de Experiencia al Cliente Corporativos F1",Dura 1 día,29/01/2024,29/01/2024,27/10/2024,272,Planeación
      4.3 Activaciones Entretenimiento,Analista de Proyectos Entretenimiento F1,Dura 0 días,29/01/2024,29/01/2024,27/10/2024,272,
         Planeación,"Analista de Proyectos Entretenimiento F1,Gerencia de Experiencia al Cliente Hospitalidades y Protocolos F1",Dura 0 días,29/01/2024,29/01/2024,27/10/2024,272,
         Planeación,"Analista de Proyectos Entretenimiento F1,Gerencia de Experiencia al Cliente Hospitalidades y Protocolos F1",Dura 1 día,29/01/2024,29/01/2024,27/10/2024,272,Planeación
            Contratación Situacion Maria tinto Vino,"Coordinación de Compras F1,Subdirección Planeación Estratégica",Dura 1 día,29/01/2024,29/01/2024,27/10/2024,272,Contratación Situacion Maria tinto Vino
            Muestra de playera para Marketing Textiles,"Coordinación de Compras F1,Subdirección Planeación Estratégica",Dura 1 día,29/01/2024,29/01/2024,27/10/2024,272,Muestra de playera para Marketing Textiles
            Show room impresos Impresos,"Coordinación de Compras F1,Subdirección Planeación Estratégica",Dura 1 día,29/01/2024,29/01/2024,27/10/2024,272,Show room impresos Impresos
            Carros de Golf / Motos Carros de Golf,"Coordinación de Compras F1,Subdirección Planeación Estratégica",Dura 1 día,29/01/2024,29/01/2024,27/10/2024,272,Carros de Golf / Motos Carros de Golf
            Muestra de sueter para Marketing Textiles,"Coordinación de Compras F1,Subdirección Planeación Estratégica",Dura 1 día,29/01/2024,29/01/2024,27/10/2024,272,Muestra de sueter para Marketing Textiles
            Cajas para marketing Cajas,"Coordinación de Compras F1,Subdirección Planeación Estratégica",Dura 1 día,29/01/2024,29/01/2024,27/10/2024,272,Cajas para marketing Cajas
            Revisión de bases finales monitoreo,"Coordinación de Compras F1,Subdirección Planeación Estratégica",Dura 1 día,29/01/2024,29/01/2024,27/10/2024,272,Revisión de bases finales monitoreo
            IFOOD Comida,"Coordinación de Compras F1,Subdirección Planeación Estratégica",Dura 1 día,29/01/2024,29/01/2024,27/10/2024,272,IFOOD Comida
            Proyecto de banderines sustentables Textiles,"Coordinación de Compras F1,Subdirección Planeación Estratégica",Dura 1 día,29/01/2024,29/01/2024,27/10/2024,272,Proyecto de banderines sustentables Textiles
            Muestras de Lanyard Textiles,"Coordinación de Compras F1,Subdirección Planeación Estratégica",Dura 1 día,29/01/2024,29/01/2024,27/10/2024,272,Muestras de Lanyard Textiles
            Ideartte Impresos/Carpas,"Coordinación de Compras F1,Subdirección Planeación Estratégica",Dura 1 día,29/01/2024,29/01/2024,27/10/2024,272,Ideartte Impresos/Carpas
            Brief audio y video de Promotoria Audio y video,"Coordinación de Compras F1,Subdirección Planeación Estratégica",Dura 1 día,29/01/2024,29/01/2024,27/10/2024,272,Brief audio y video de Promotoria Audio y video
            Banderines de Promotoria Textiles,"Coordinación de Compras F1,Subdirección Planeación Estratégica",Dura 1 día,29/01/2024,29/01/2024,27/10/2024,272,Banderines de Promotoria Textiles
            Muestras nuevas de gorras Textiles,"Coordinación de Compras F1,Subdirección Planeación Estratégica",Dura 1 día,29/01/2024,29/01/2024,27/10/2024,272,Muestras nuevas de gorras Textiles
            Entrega final versión completa + versión resumen,"Coordinación de Compras F1,Subdirección Planeación Estratégica",Dura 1 día,29/01/2024,29/01/2024,27/10/2024,272,Entrega final versión completa + versión resumen
            Entrega final versión completa + versión corta,"Coordinación de Compras F1,Subdirección Planeación Estratégica",Dura 1 día,29/01/2024,29/01/2024,27/10/2024,272,Entrega final versión completa + versión corta
            Ednovi Pirotecnia,"Coordinación de Compras F1,Subdirección Planeación Estratégica",Dura 1 día,29/01/2024,29/01/2024,27/10/2024,272,Ednovi Pirotecnia
            Arcos acceso general Display,"Coordinación de Compras F1,Subdirección Planeación Estratégica",Dura 1 día,29/01/2024,29/01/2024,27/10/2024,272,Arcos acceso general Display
            Estructuras MK impresos,"Coordinación de Compras F1,Subdirección Planeación Estratégica",Dura 1 día,29/01/2024,29/01/2024,27/10/2024,272,Estructuras MK impresos
            Testigos de monitoreo finales,"Coordinación de Compras F1,Subdirección Planeación Estratégica",Dura 1 día,29/01/2024,29/01/2024,27/10/2024,272,Testigos de monitoreo finales
            Escaleras de servicio Construccion,"Coordinación de Compras F1,Subdirección Planeación Estratégica",Dura 1 día,29/01/2024,29/01/2024,27/10/2024,272,Escaleras de servicio Construccion
            Puente temporal Total show Construccion,"Coordinación de Compras F1,Subdirección Planeación Estratégica",Dura 1 día,29/01/2024,29/01/2024,27/10/2024,272,Puente temporal Total show Construccion
"            Display GNP, PHOTO OPP, Display","Coordinación de Compras F1,Subdirección Planeación Estratégica",Dura 1 día,29/01/2024,29/01/2024,27/10/2024,272,"Display GNP, PHOTO OPP, Display"
            Cotizar mecanica de suelo Construccion,"Coordinación de Compras F1,Subdirección Planeación Estratégica",Dura 1 día,29/01/2024,29/01/2024,27/10/2024,272,Cotizar mecanica de suelo Construccion
            Amevi Ambulancias,"Coordinación de Compras F1,Subdirección Planeación Estratégica",Dura 1 día,29/01/2024,29/01/2024,27/10/2024,272,Amevi Ambulancias
"            Bajas de agua pit building, Construccion","Coordinación de Compras F1,Subdirección Planeación Estratégica",Dura 1 día,29/01/2024,29/01/2024,27/10/2024,272,"Bajas de agua pit building, Construccion"
            Modulos de informacion Display,"Coordinación de Compras F1,Subdirección Planeación Estratégica",Dura 1 día,29/01/2024,29/01/2024,27/10/2024,272,Modulos de informacion Display
            Video voluntarios Audio y video,Coordinación de Compras F1,Dura 1 día,29/01/2024,29/01/2024,27/10/2024,272,Video voluntarios Audio y video
            Modulos de informacion Display,Coordinación de Compras F1,Dura 1 día,29/01/2024,29/01/2024,27/10/2024,272,Modulos de informacion Display
            Respuesta revisión de bases,Coordinación de Compras F1,Dura 1 día,29/01/2024,29/01/2024,27/10/2024,272,Respuesta revisión de bases
         Fechas de salida a la venta (solicitudes listas),Coordinación de Boletaje F1,Dura 20 días,16/11/2023,13/12/2023,27/10/2024,319,Fechas de salida a la venta (solicitudes listas)
         Seguimiento de contrato,"Gerencia Comercial F1,Gerencia Sr. Comercial F1",Dura 1 día,16/11/2023,16/11/2023,27/10/2024,346,Seguimiento de contrato
         Fecha de Salida a la Venta,"Dirección Comercial F1,Gerencia Sr. Comercial F1,Gerencia Comercial F1,Gerencia de Administración e Información Comercial,Dirección General CIE Internacional y F1",Dura 105 días,22/06/2023,15/11/2023,27/10/2024,347,Fecha de Salida a la Venta
            Planificación de necesidades,Líder Proyectos y Plataformas,Dura 60 días,10/08/2023,01/11/2023,27/10/2024,361,Planificación de necesidades
         Elaboración de contenidos,"Creativo F1,Gerencia de Redes Sociales F1,Gerencia de Relaciones Públicas F1",Dura 40 días,16/08/2023,10/10/2023,27/10/2024,383,Elaboración de contenidos
         Vocero para entrevistas,"Gerencia de Redes Sociales F1,Gerencia de Relaciones Públicas F1",Dura 10 días,16/08/2023,29/08/2023,27/10/2024,425,Vocero para entrevistas
         Definición de Pautado Redes Sociales,Gerencia de Redes Sociales F1,Dura 40 días,21/06/2023,15/08/2023,27/10/2024,439,Definición de Pautado Redes Sociales
         Definición de Proyectos de PR,Gerencia de Relaciones Públicas F1,Dura 40 días,21/06/2023,15/08/2023,27/10/2024,439,Definición de Proyectos de PR
            Solicitudes,Líder Proyectos y Plataformas,Dura 30 días,29/06/2023,09/08/2023,27/10/2024,445,Solicitudes
         Presupuesto de ingresos,Gerente de Planeación Financiera F1,Dura 10 días,13/07/2023,26/07/2023,27/10/2024,459,Presupuesto de ingresos
      8.2 Presupuesto de Egresos,"Gerente de Planeación Financiera F1,Dirección General de Gerencia de Planeación Financiera F1",Dura 26 días,21/06/2023,26/07/2023,27/10/2024,459,
         Presupuesto de Egresos,Gerente de Planeación Financiera F1,Dura 10 días,13/07/2023,26/07/2023,27/10/2024,459,Presupuesto de Egresos
         Presupuesto de Ingresos,Gerente de Planeación Financiera F1,Dura 10 días,13/07/2023,26/07/2023,27/10/2024,459,Presupuesto de Ingresos
         Escenarios financieros,Gerente de Planeación Financiera F1,Dura 5 días,06/07/2023,12/07/2023,27/10/2024,473,Escenarios financieros
         Escenarios financieros,Gerente de Planeación Financiera F1,Dura 5 días,06/07/2023,12/07/2023,27/10/2024,473,Escenarios financieros
   2.Aforo,"Dirección General CIE Internacional y F1,Gerente de Planeación Financiera F1",Dura 75 días,29/03/2023,11/07/2023,27/10/2024,474,
      2.3 Determinación de Tabla de Precios,Gerente de Planeación Financiera F1,Dura 34 días,25/05/2023,11/07/2023,27/10/2024,474,
"         Master plan (borrador, versiones y as built)",Gerente Producción F1,Dura 10 días,28/06/2023,11/07/2023,27/10/2024,474,"Master plan (borrador, versiones y as built)"
         Planeación de ingresos,"Gerente de Planeación Financiera F1,Dirección General de Gerencia de Planeación Financiera F1",Dura 10 días,22/06/2023,05/07/2023,27/10/2024,480,Planeación de ingresos
         Planeación de Egresos,"Gerente de Planeación Financiera F1,Dirección General de Gerencia de Planeación Financiera F1",Dura 10 días,22/06/2023,05/07/2023,27/10/2024,480,Planeación de Egresos
         Distribución de Inventario por canal de venta,Coordinación de Boletaje F1,Dura 1 día,28/06/2023,28/06/2023,27/10/2024,487,Distribución de Inventario por canal de venta
         4.7 Experiencia al Cliente PADDOCK,Gerencia Hospitalidades y Experiencias Premium F1,Dura 1 día,28/06/2023,28/06/2023,27/10/2024,487,
            Planeación,"Gerencia de Experiencia al Cliente Hospitalidades y Protocolos F1,Dirección de Operaciones F1,Gerencia Comercial F1,Gerencia Sr. Comercial F1",Dura 1 día,28/06/2023,28/06/2023,27/10/2024,487,Planeación
"            Levantamiento de necesidades. (Roles, cantidad, etc.)",Líder Proyectos y Plataformas,Dura 1 día,28/06/2023,28/06/2023,27/10/2024,487,"Levantamiento de necesidades. (Roles, cantidad, etc.)"
         Determinación de canales de venta,Gerente de Planeación Financiera F1,Dura 5 días,21/06/2023,27/06/2023,27/10/2024,488,Determinación de canales de venta
      12.3 Negociación,Coordinación de Compras F1,Dura 1 día,22/06/2023,22/06/2023,27/10/2024,493,
         Negociación,Coordinación de Compras F1,Dura 1 día,22/06/2023,22/06/2023,27/10/2024,493,Negociación
         Volumen de compra ( Definición),Coordinación de Compras F1,Dura 1 día,22/06/2023,22/06/2023,27/10/2024,493,Volumen de compra ( Definición)
         Definición del inventario para boletera,"Dirección General CIE Internacional y F1,Coordinación de Boletaje F1",Dura 1 día,21/06/2023,21/06/2023,27/10/2024,494,Definición del inventario para boletera
         Definición de fecha salida a Venta,"Dirección Comercial F1,Gerencia Sr. Comercial F1,Gerencia Comercial F1,Gerencia de Administración e Información Comercial,Dirección General CIE Internacional y F1,Gerente de Experiencia al Cliente Corporativos F1",Dura 1 día,21/06/2023,21/06/2023,27/10/2024,494,Definición de fecha salida a Venta
         Fuentes de ingresos (productos),"Gerente de Planeación Financiera F1,Dirección General de Gerencia de Planeación Financiera F1",Dura 1 día,21/06/2023,21/06/2023,27/10/2024,494,Fuentes de ingresos (productos)
         Fuentes de egresos,"Gerente de Planeación Financiera F1,Dirección General de Gerencia de Planeación Financiera F1",Dura 1 día,21/06/2023,21/06/2023,27/10/2024,494,Fuentes de egresos
         Ajustes de asientos contables,Contraloría F1,Dura 1 día,21/06/2023,21/06/2023,27/10/2024,494,Ajustes de asientos contables
      12.2 Análisis,Coordinación de Compras F1,Dura 1 día,21/06/2023,21/06/2023,27/10/2024,494,
         Requisitos,Coordinación de Compras F1,Dura 1 día,21/06/2023,21/06/2023,27/10/2024,494,Requisitos
         Criterios para Desarrollo de Proveedores,Coordinación de Compras F1,Dura 1 día,21/06/2023,21/06/2023,27/10/2024,494,Criterios para Desarrollo de Proveedores
         Reglas de negocio,"Coordinación de Compras F1,Subdirección Planeación Estratégica",Dura 1 día,21/06/2023,21/06/2023,27/10/2024,494,Reglas de negocio
         Proyección de compra,Coordinación de Compras F1,Dura 1 día,21/06/2023,21/06/2023,27/10/2024,494,Proyección de compra
         Tabla de Precios,"Dirección General CIE Internacional y F1,Gerente de Planeación Financiera F1",Dura 5 días,14/06/2023,20/06/2023,27/10/2024,495,Tabla de Precios
         Estimación de egresos,Gerente de Planeación Financiera F1,Dura 4 días,08/06/2023,13/06/2023,27/10/2024,502,Estimación de egresos
         Estimación de rentabilidad,Gerente de Planeación Financiera F1,Dura 4 días,08/06/2023,13/06/2023,27/10/2024,502,Estimación de rentabilidad
         Branding,"Dirección Comercial F1,Gerencia Comercial F1,Gerencia de Administración e Información Comercial,Gerencia Sr. Comercial F1",Dura 50 días,03/04/2023,09/06/2023,27/10/2024,506,
"            Entrega de propuesta de renders. (Módulos cashless, bonificación, tótems, playeras, pallets, tokens.) Seguimiento de cambios",Coordinación Experiencia al Cliente,Dura 5 días,05/06/2023,09/06/2023,27/10/2024,506,"Entrega de propuesta de renders. (Módulos cashless, bonificación, tótems, playeras, pallets, tokens.) Seguimiento de cambios"
"            Propuesta de render del back, copete y faldón del módulo de pre carga",Coordinación Experiencia al Cliente,Dura 5 días,05/06/2023,09/06/2023,27/10/2024,506,"Propuesta de render del back, copete y faldón del módulo de pre carga"
         Experiencia culinaria,Gerencia de Relaciones Públicas F1,Dura 5 días,05/06/2023,09/06/2023,27/10/2024,506,Experiencia culinaria
         Valuación de espacios Off Track,Gerente de Planeación Financiera F1,Dura 5 días,01/06/2023,07/06/2023,27/10/2024,508,Valuación de espacios Off Track
            Ajustes generales LANDYARD SUITES,Coordinación Experiencia al Cliente,Dura 5 días,29/05/2023,02/06/2023,27/10/2024,513,Ajustes generales LANDYARD SUITES
         Valuación de espacios On Track,Gerente de Planeación Financiera F1,Dura 5 días,25/05/2023,31/05/2023,27/10/2024,515,Valuación de espacios On Track
            Presentación LANDYARD SUITES,"Dirección Comercial F1,Gerencia Comercial F1,Gerencia de Administración e Información Comercial,Gerencia Sr. Comercial F1",Dura 40 días,03/04/2023,26/05/2023,27/10/2024,520,Presentación LANDYARD SUITES
      2.2 Determinación del Inventario de Espacios por Zona con precios (Factibilidad),"Gerente de Planeación Financiera F1,Dirección General CIE Internacional y F1",Dura 16 días,03/05/2023,24/05/2023,27/10/2024,522,
         Estimación de ingresos,"Gerente de Planeación Financiera F1,Dirección de Operaciones F1",Dura 1 día,24/05/2023,24/05/2023,27/10/2024,522,Estimación de ingresos
         Estimación metro cuadrado por persona-servicios,"Gerente de Planeación Financiera F1,Dirección de Operaciones F1",Dura 5 días,17/05/2023,23/05/2023,27/10/2024,523,Estimación metro cuadrado por persona-servicios
         Costeo de metro cuadrado de servicios,"Gerente de Planeación Financiera F1,Dirección de Operaciones F1",Dura 5 días,17/05/2023,23/05/2023,27/10/2024,523,Costeo de metro cuadrado de servicios
         Determinación de inventarios de espacios,"Gerente de Planeación Financiera F1,Dirección de Operaciones F1",Dura 10 días,03/05/2023,16/05/2023,27/10/2024,530,Determinación de inventarios de espacios
      2.1 Segmentación y Valoración del Espacio Dentro y Fuera de la Pista,Dirección de Operaciones F1,Dura 30 días,29/03/2023,09/05/2023,27/10/2024,537,
         Aprobación de Proyecto Ejecutivo ,Dirección de Operaciones F1,Dura 5 días,03/05/2023,09/05/2023,27/10/2024,537,Aprobación de Proyecto Ejecutivo
         Análisis del Proyecto Ejecutivo,Dirección de Operaciones F1,Dura 10 días,19/04/2023,02/05/2023,27/10/2024,544,Análisis del Proyecto Ejecutivo
         Proyecto Ejecutivo,Dirección de Operaciones F1,Dura 15 días,29/03/2023,18/04/2023,27/10/2024,558,Proyecto Ejecutivo
         Amenities,"Dirección Comercial F1,Gerencia Comercial F1,Gerencia de Administración e Información Comercial,Gerencia Sr. Comercial F1,Creativo F1,Gerente Producción F1,Coordinación Experiencia al Cliente Corporativo F1",Dura 11 días,03/04/2023,17/04/2023,27/10/2024,559,
            Aprobación de propuesta LANDYARD CASHLESS,"Dirección Comercial F1,Gerencia Comercial F1,Gerencia de Administración e Información Comercial,Gerencia Sr. Comercial F1",Dura 5 días,11/04/2023,17/04/2023,27/10/2024,559,Aprobación de propuesta LANDYARD CASHLESS
            Aprobación de propuesta LANDYARD GRADA 3,"Dirección Comercial F1,Gerencia Comercial F1,Gerencia de Administración e Información Comercial,Gerencia Sr. Comercial F1",Dura 5 días,11/04/2023,17/04/2023,27/10/2024,559,Aprobación de propuesta LANDYARD GRADA 3
         Propuesta Conceptual,"Gerencia de Mercadotecnia F1,Dirección Comercial F1,Gerencia Sr. Comercial F1,Creativo F1",Dura 10 días,03/04/2023,14/04/2023,27/10/2024,562,Propuesta Conceptual
            Ajustes generales LANDYARD CASHLESS,"Dirección Comercial F1,Gerencia Comercial F1,Gerencia de Administración e Información Comercial,Gerencia Sr. Comercial F1",Dura 5 días,04/04/2023,10/04/2023,27/10/2024,566,Ajustes generales LANDYARD CASHLESS
            Ajustes generales LANDYARD GRADA 3,"Dirección Comercial F1,Gerencia Comercial F1,Gerencia de Administración e Información Comercial,Gerencia Sr. Comercial F1",Dura 5 días,04/04/2023,10/04/2023,27/10/2024,566,Ajustes generales LANDYARD GRADA 3
         Presentación para Venta,"Creativo F1,Dirección de Mercadotecnia F1",Dura 5 días,03/04/2023,07/04/2023,27/10/2024,569,Presentación para Venta
            Visualización y propuesta de punto de entrega de kits.,"Dirección Comercial F1,Gerencia Comercial F1,Gerencia de Administración e Información Comercial,Gerencia Sr. Comercial F1",Dura 1 día,04/04/2023,04/04/2023,27/10/2024,572,Visualización y propuesta de punto de entrega de kits.
            Presentación LANDYARD CASHLESS,"Dirección Comercial F1,Gerencia Comercial F1,Gerencia de Administración e Información Comercial,Gerencia Sr. Comercial F1",Dura 1 día,03/04/2023,03/04/2023,27/10/2024,573,Presentación LANDYARD CASHLESS
            Presentación LANDYARD GRADA 3,"Coordinación Experiencia al Cliente,Gerente de Experiencia al Cliente Corporativos F1,Dirección Comercial F1,Gerencia Comercial F1,Gerencia Sr. Comercial F1,Contraloría F1",Dura 1 día,03/04/2023,03/04/2023,27/10/2024,573,Presentación LANDYARD GRADA 3
         Experiencia al Cliente Corporativo,"Dirección Comercial F1,Gerencia Comercial F1,Gerencia de Administración e Información Comercial,Gerencia Sr. Comercial F1",Dura 1 día,03/04/2023,03/04/2023,27/10/2024,573,Experiencia al Cliente Corporativo
            Entrega de materiales para campaña,Gerente Producción F1,Dura 1 día,03/04/2023,03/04/2023,27/10/2024,573,Entrega de materiales para campaña
      Imagen Master,"Creativo F1,Dirección de Mercadotecnia F1",Dura 2 días,30/03/2023,31/03/2023,27/10/2024,576,
         Presentación de Productos Corporativos,"Dirección Comercial F1,Creativo F1,Gerencia de Mercadotecnia F1",Dura 1 día,31/03/2023,31/03/2023,27/10/2024,576,Presentación de Productos Corporativos
         Aprobación de Imagen Master,"Creativo F1,Dirección de Mercadotecnia F1",Dura 1 día,30/03/2023,30/03/2023,27/10/2024,577,Aprobación de Imagen Master
      3.1 Diseño de la Imagen y Presentación,Creativo F1,Dura 1 día,29/03/2023,29/03/2023,27/10/2024,578,
         Propuestas Creativas,"Creativo F1,Dirección de Mercadotecnia F1",Dura 1 día,29/03/2023,29/03/2023,27/10/2024,578,Propuestas Creativas
   1. Trazo de Pista ,"Equipo de Proyecto,Dirección General CIE Internacional y F1",Dura 410 días,01/09/2021,28/03/2023,27/10/2024,579,
      1.3.Certificación de Pista,Dirección de Operaciones F1,Dura 45 días,25/01/2023,28/03/2023,27/10/2024,579,
         Pago de derechos,Dirección de Operaciones F1,Dura 5 días,22/03/2023,28/03/2023,27/10/2024,579,Pago de derechos
         Pista Certificada Bajo Estándar FIA,Dirección de Operaciones F1,Dura 0 días,28/03/2023,28/03/2023,27/10/2024,579,Pista Certificada Bajo Estándar FIA
         Certificación de Pista bajo estándar FIA,Dirección de Operaciones F1,Dura 15 días,01/03/2023,21/03/2023,27/10/2024,586,Certificación de Pista bajo estándar FIA
         Evaluación FIA,Dirección de Operaciones F1,Dura 10 días,15/02/2023,28/02/2023,27/10/2024,607,Evaluación FIA
         Evaluación y Validación OMDAI,Dirección de Operaciones F1,Dura 15 días,25/01/2023,14/02/2023,27/10/2024,621,Evaluación y Validación OMDAI
      1.3.Construcción Trazo de Pista,"Equipo de Proyecto,Gerente Producción F1,Subdirectora Promotoría Exp Al Cliente y Sustentabilidad F1",Dura 310 días,17/11/2021,24/01/2023,27/10/2024,642,
         Dictamen D.R.O,"Equipo de Proyecto,Gerente Producción F1,Subdirectora Promotoría Exp Al Cliente y Sustentabilidad F1",Dura 10 días,11/01/2023,24/01/2023,27/10/2024,642,Dictamen D.R.O
         Avance de la obra,"Equipo de Proyecto,Contraloría F1",Dura 20 días,28/12/2022,24/01/2023,27/10/2024,642,Avance de la obra
         Aprobación,"Equipo de Proyecto,Gerente Producción F1,Subdirectora Promotoría Exp Al Cliente y Sustentabilidad F1",Dura 10 días,28/12/2022,10/01/2023,27/10/2024,656,Aprobación
         Tiempo de construcción,"Equipo de Proyecto,Gerente Producción F1,Subdirectora Promotoría Exp Al Cliente y Sustentabilidad F1",Dura 250 días,12/01/2022,27/12/2022,27/10/2024,670,Tiempo de construcción
         Materiales y construcción,"Equipo de Proyecto,Gerente Producción F1,Subdirectora Promotoría Exp Al Cliente y Sustentabilidad F1",Dura 15 días,09/02/2022,01/03/2022,27/10/2024,971,Materiales y construcción
         Planos,"Equipo de Proyecto,Gerente Producción F1,Subdirectora Promotoría Exp Al Cliente y Sustentabilidad F1",Dura 20 días,12/01/2022,08/02/2022,27/10/2024,992,Planos
         Permisos de construcción,"Equipo de Proyecto,Gerente Producción F1,Subdirectora Promotoría Exp Al Cliente y Sustentabilidad F1",Dura 20 días,15/12/2021,11/01/2022,27/10/2024,1020,Permisos de construcción
         Mano de obra ( Planeación) ,"Equipo de Proyecto,Gerente Producción F1,Subdirectora Promotoría Exp Al Cliente y Sustentabilidad F1",Dura 20 días,17/11/2021,14/12/2021,27/10/2024,1048,Mano de obra ( Planeación)
      1.1. Planeación Trazo de Pista,"Equipo de Proyecto,Gerente de Planeación Financiera F1,Dirección General CIE Internacional y F1",Dura 55 días,01/09/2021,16/11/2021,27/10/2024,1076,
         Definición de la dimensión,"Equipo de Proyecto,Gerente Producción F1,Subdirectora Promotoría Exp Al Cliente y Sustentabilidad F1",Dura 15 días,27/10/2021,16/11/2021,27/10/2024,1076,Definición de la dimensión
         Definición de la ubicación,"Dirección General CIE Internacional y F1,Dirección de Mercadotecnia F1,Dirección de Operaciones F1",Dura 10 días,13/10/2021,26/10/2021,27/10/2024,1097,Definición de la ubicación
"         Pre-aprobación OMDAI, FIA","Dirección General CIE Internacional y F1,Dirección de Mercadotecnia F1,Dirección de Operaciones F1",Dura 5 días,06/10/2021,12/10/2021,27/10/2024,1111,"Pre-aprobación OMDAI, FIA"
         Definición de presupuesto de construcción,"Equipo de Proyecto,Gerente de Planeación Financiera F1,Dirección General CIE Internacional y F1",Dura 10 días,22/09/2021,05/10/2021,27/10/2024,1118,Definición de presupuesto de construcción
         Levantamiento topográfico,"Dirección General CIE Internacional y F1,Dirección de Mercadotecnia F1,Dirección de Operaciones F1",Dura 5 días,15/09/2021,21/09/2021,27/10/2024,1132,Levantamiento topográfico
         Estudio de mecánica de suelos,"Dirección General CIE Internacional y F1,Dirección de Mercadotecnia F1,Dirección de Operaciones F1",Dura 10 días,01/09/2021,14/09/2021,27/10/2024,1139,
            Entrega de bases finales monitoreo,"Coordinación de Compras F1,Subdirección Planeación Estratégica",Dura 1 día,01/09/2021,01/09/2021,27/10/2024,1152,
            Entrega de capítulo eventos especiales Parte 1,"Coordinación de Compras F1,Subdirección Planeación Estratégica",Dura 1 día,01/09/2021,01/09/2021,27/10/2024,1152,
            Reporte de cobertura de medios final versión completa,"Coordinación de Compras F1,Subdirección Planeación Estratégica",Dura 1 día,01/09/2021,01/09/2021,27/10/2024,1152,
