Actividad,Responsable,Duración,Inicio ,Fin,Evento,Días al Evento,Stoper
Planeación programa de voluntarios,Coordinación Experiencia al Cliente,Dura 4 días,16/01/2023,1/19/23,10/27/24,650,
Presentación entretenimiento lista,Coordinación Experiencia al Cliente,Dura 67 días,22/01/2023,3/29/23,10/27/24,644,
Brief agencias,Dirección Comercial F1,Dura 1 días,29/01/2023,1/29/23,10/27/24,637,
Revisión y entrega de template para reporte de cobertura de medios,Agencia INK PR,Dura 2 días,31/01/2023,2/1/23,10/27/24,635,
Preparación propuestas agencias,Dirección Comercial F1,Dura 27 días,31/01/2023,2/26/23,10/27/24,635,
Tower Estructuras,Dirección Operaciones F1,Dura 96 días,02/02/2023,5/8/23,10/27/24,633,
Planeación del Look & Feel,Creativo F1,Dura 390 días,12/02/2023,07/03/2024,10/27/24,623,Planeación de objetivos de campaña y Briefs/Uso de Look & Feel en espacios y objetos
Planeación de objetivos de campaña y Briefs,Gerencia Redes Sociales F1,Dura 390 días,12/02/2023,07/03/2024,10/27/24,623,Uso de Look & Feel en espacios y objetos/Definición de espacios y tamaño de montaje
Uso de Look & Feel en espacios y objetos,Gerencia Experiencia al Cliente Hospitalidades y Protocolos F1,Dura 390 días,12/02/2023,07/03/2024,10/27/24,623,Definición de espacios y tamaño de montaje/Adhesión a imagen del cliente
Definición de espacios y tamaño de montaje,"Gerencia Experiencia al Cliente Hospitalidades y Protocolos F1,Gerencia Producción F1",Dura 390 días,12/02/2023,07/03/2024,10/27/24,623,
Adhesión a imagen del cliente,Gerencia Experiencia al Cliente Hospitalidades y Protocolos F1,Dura 390 días,12/02/2023,07/03/2024,10/27/24,623,Amenities
Amenities,Subdirección Promotoría Experiencia al Cliente y Sustentabilidad F1,Dura 390 días,12/02/2023,07/03/2024,10/27/24,623,Tiempo sin la holgura necesaria para la producción 
Definición de pautado Marketing Digital,Gerencia Mercadotecnia Digital F1 ,Dura 390 días,12/02/2023,07/03/2024,10/27/24,623,Elaboración de contenidos/Publicación de contenidos
Elaboración de contenidos,Gerencia Redes Sociales F1,Dura 390 días,12/02/2023,07/03/2024,10/27/24,623,Agenda de contenidos
Publicación de contenidos,Gerencia Mercadotecnia Digital F1 ,Dura 390 días,12/02/2023,07/03/2024,10/27/24,623,Agenda de contenidos
Definición de Pautado Redes Sociales,Gerencia Redes Sociales F1,Dura 390 días,12/02/2023,07/03/2024,10/27/24,623,
Elaboración de contenidos,Dirección de Mercadotecnia ,Dura 390 días,12/02/2023,07/03/2024,10/27/24,623,Aprobación/Agenda de contenidos
Publicación de contenidos,Gerencia Mercadotecnia Digital F1 ,Dura 390 días,12/02/2023,07/03/2024,10/27/24,623,Aprobación/Agenda de contenidos
Publicación de contenidos patrocinadores Redes Sociales,Gerencia Redes Sociales F1,Dura 390 días,12/02/2023,07/03/2024,10/27/24,623,Aprobación/Agenda de contenidos
"Definición de participación (entrevista, colaboración, artículo)",Gerencia Redes Sociales F1,Dura 390 días,12/02/2023,07/03/2024,10/27/24,623,
Vocero para entrevistas,"Creativo F1, Gerencia Relaciones Públicas F1",Dura 390 días,12/02/2023,07/03/2024,10/27/24,623,
Colaboraciones,Gerencia Redes Sociales F1,Dura 390 días,12/02/2023,07/03/2024,10/27/24,623,Aprobación
Monitoreo de campañas,Gerencia Mercadotecnia F1,Dura 390 días,12/02/2023,07/03/2024,10/27/24,623,Informes de impactos/Monitoreo de Publicaciones de Redes Sociales
Informes de impactos,Gerencia Experiencia al Cliente Hospitalidades y Protocolos F1,Dura 390 días,12/02/2023,07/03/2024,10/27/24,623,
Monitoreo de Publicaciones de Redes Sociales,Gerencia Redes Sociales F1,Dura 390 días,12/02/2023,07/03/2024,10/27/24,623,Informe de Impactos
Informe de Impactos,Gerencia Experiencia al Cliente Hospitalidades y Protocolos F1,Dura 390 días,12/02/2023,07/03/2024,10/27/24,623,
Revisión de requisitos,Gerencia Experiencia al Cliente Hospitalidades y Protocolos F1,Dura 390 días,12/02/2023,07/03/2024,10/27/24,623,
Contratación de profesionales,Gerencia Experiencia al Cliente Hospitalidades y Protocolos F1,Dura 390 días,12/02/2023,07/03/2024,10/27/24,623,
Recopilación y validación de la información,Gerencia Experiencia al Cliente Hospitalidades y Protocolos F1,Dura 390 días,12/02/2023,07/03/2024,10/27/24,623,
Integración del informe,Gerencia Experiencia al Cliente Hospitalidades y Protocolos F1,Dura 390 días,12/02/2023,07/03/2024,10/27/24,623,
Envío de Informe,Gerencia Experiencia al Cliente Hospitalidades y Protocolos F1,Dura 390 días,12/02/2023,07/03/2024,10/27/24,623,
Compilación para la generación del Informe CPTM,Gerencia Experiencia al Cliente Hospitalidades y Protocolos F1,Dura 390 días,12/02/2023,07/03/2024,10/27/24,623,
Definición de aspectos a evaluar,Gerencia Experiencia al Cliente Hospitalidades y Protocolos F1,Dura 390 días,12/02/2023,07/03/2024,10/27/24,623,
Selección de proveedores,Gerencia Experiencia al Cliente Hospitalidades y Protocolos F1,Dura 390 días,12/02/2023,07/03/2024,10/27/24,623,
"Evaluación de resultados de encuestas, estudios e informes",Gerencia Experiencia al Cliente Hospitalidades y Protocolos F1,Dura 390 días,12/02/2023,07/03/2024,10/27/24,623,
Acreditación medios. Revisión y envío de acreditaciones,Gerencia Experiencia al Cliente Hospitalidades y Protocolos F1,Dura 390 días,12/02/2023,07/03/2024,10/27/24,623,Falla en la Plataforma 
Reunión Kick Off,"RP MKT y Digital CIE, Agencia INK PR,IWO",Dura 1 días,12/02/2023,2/12/23,10/27/24,623,
Definición de la ubicación,Equipo de Proyecto ,Dura 68 días,2/22/23,4/30/23,10/27/24,613,Estudio de mecánica de suelos 
Definición de la dimensión,Dirección General de CIE Internacional y F1,Dura 68 días,2/22/23,4/30/23,10/27/24,613,Levantamiento topográfico
Estudio de mecánica de suelos,Equipo de Proyecto ,Dura 68 días,2/22/23,4/30/23,10/27/24,613,Definición de presupuesto de construcción
Levantamiento topográfico,Equipo de Proyecto ,Dura 68 días,2/22/23,4/30/23,10/27/24,613,"Preaprobación OMDAI, FIA"
Definición de presupuesto de construcción,Equipo de Proyecto ,Dura 68 días,2/22/23,4/30/23,10/27/24,613,Permisos de construcción
"Preaprobación OMDAI, FIA",Equipo de Proyecto ,Dura 68 días,2/22/23,4/30/23,10/27/24,613,Materiales de construcción
Permisos de construcción,Equipo de Proyecto ,Dura 68 días,2/22/23,4/30/23,10/27/24,613,Mano de obra
Materiales de construcción,Equipo de Proyecto ,Dura 68 días,2/22/23,4/30/23,10/27/24,613,Planos
Mano de obra,Equipo de Proyecto ,Dura 68 días,2/22/23,4/30/23,10/27/24,613,Aprobación
Planos,Equipo de Proyecto ,Dura 68 días,2/22/23,4/30/23,10/27/24,613,Dictamen D.R.O
Aprobación,Equipo de Proyecto ,Dura 68 días,2/22/23,4/30/23,10/27/24,613,Tiempo de construcción
Dictamen D.R.O,Equipo de Proyecto ,Dura 68 días,2/22/23,4/30/23,10/27/24,613,Avance de la obra
Evaluación y Validación OMDAI,Equipo de Proyecto ,Dura 68 días,2/22/23,4/30/23,10/27/24,613,Avance de la obra/Evaluación y Validación OMDAI
Evaluación FIA,Equipo de Proyecto ,Dura 68 días,2/22/23,4/30/23,10/27/24,613,Que existan actividades por concluir
Pago de derechos,Contraloría F1,Dura 68 días,2/22/23,4/30/23,10/27/24,613,Evaluación FIA/Pago de derechos
Certificación de Pista bajo estándar FIA,Equipo de Proyecto ,Dura 68 días,2/22/23,4/30/23,10/27/24,613,Evaluación FIA
Análisis de espacio disponible (viabilidad para determinar la vocación del espacio),Dirección Operaciones F1,Dura 68 días,2/22/23,4/30/23,10/27/24,613,Definición de la dimensión
"Determinación de Activaciones. Espacios A&B, Hospitalidades, Suites, Club, Grada, Patrocinio, Servicios Adicionales",Gerencia Producción F1,Dura 68 días,2/22/23,4/30/23,10/27/24,613,Estimación M2 /PP/Servicios
Estimación metro cuadrado por persona-servicios,Gerencia Producción F1,Dura 68 días,2/22/23,4/30/23,10/27/24,613,Estimación y costo M2 /PP/Servicios
Costeo de metro cuadrado de servicios,Gerencia Planeación Financiera,Dura 68 días,2/22/23,4/30/23,10/27/24,613,Valuación de espacios Off Track Estimación M2 /PP/Servicios
Estimación de ingresos,Gerencia Planeación Financiera,Dura 68 días,2/22/23,4/30/23,10/27/24,613,Estimación y costoM2 /PP/Servicios/Valuación de espacios On Track
Valuación de espacios On Track,Gerencia Planeación Financiera,Dura 68 días,2/22/23,4/30/23,10/27/24,613,Estimación y costoM2 /PP/Servicios/Valuación de espacios Off Track
Valuación de espacios Off Track,Gerencia Planeación Financiera,Dura 68 días,2/22/23,4/30/23,10/27/24,613,Estimación y costo M2 /PP/Servicios/Valuación de espacios Off Track
Estimación de egresos,Gerencia Planeación Financiera,Dura 68 días,2/22/23,4/30/23,10/27/24,613,Valuación de espacios Off Track/Estimación de egresos/Estimación de rentabilidad
Estimación de rentabilidad,Gerencia Planeación Financiera,Dura 68 días,2/22/23,4/30/23,10/27/24,613,Estimación de egresos/Estimación de rentabilidad
Tabla de Precios,"Gerencia Planeación Financiera, Dirección General de CIE Internacional y F1",Dura 68 días,2/22/23,4/30/23,10/27/24,613,Determinación de canales de venta
Determinación de canales de venta,"Gerencia Planeación Financiera, Dirección General de CIE Internacional y F1",Dura 68 días,2/22/23,4/30/23,10/27/24,613,Master plan v1.0
"Master plan (borrador, versiones y as built)",Gerencia Producción F1,Dura 68 días,2/22/23,4/30/23,10/27/24,613,Tabla de Precios/Determinación de canales de venta/Master plan v1.0
Arte Poster Carrera,Dirección de Mercadotecnia ,Dura 68 días,2/22/23,4/30/23,10/27/24,613,Aprobación
Catálogo de Productos F1,Creativo F1,Dura 68 días,2/22/23,4/30/23,10/27/24,613,Definición del inventario para boletera
Definición del inventario para boletera,Coordinación Boletaje F1 ,Dura 68 días,2/22/23,4/30/23,10/27/24,613,Junta de consejo
Cuadre (se realiza cada semana),Dirección Comercial F1,Dura 68 días,2/22/23,4/30/23,10/27/24,613,Venta de productos
Solicitud para la generación de boletos,"Subdirección de Prom, Experiencia al Cliente y Sustentabilidad",Dura 68 días,2/22/23,4/30/23,10/27/24,613,Fechas de salida a la venta (solicitudes listas)
Logística de impresión (por (No hay sugerencias)),Ticketmaster,Dura 68 días,2/22/23,4/30/23,10/27/24,613,Salida a la venta
Fechas de salida a la venta  (solicitudes listas),"Subdirección de Prom, Experiencia al Cliente y Sustentabilidad",Dura 68 días,2/22/23,4/30/23,10/27/24,613,Autorización de Dirección General
Salida a la venta,Coordinación Boletaje F1 ,Dura 68 días,2/22/23,4/30/23,10/27/24,613,Propuesta Conceptual
Presentación,Creativo F1,Dura 68 días,2/22/23,4/30/23,10/27/24,613,Renegociación de Venta
Propuesta Conceptual,"Dirección Comercial F1, Dirección Sr Comercial F1",Dura 68 días,2/22/23,4/30/23,10/27/24,613,Nuevos Clientes
Renegociación de Venta,Dirección Sr Comercial F1,Dura 68 días,2/22/23,4/30/23,10/27/24,613,Entrega de Boletos y Productos
Nuevos Clientes,Coordinación Media Center F1,Dura 68 días,2/22/23,4/30/23,10/27/24,613,Alta de cliente en software de ventas
Entrega de Boletos y Productos,"Coordinación Media Center F1, Gerente de Admin e Info Comercial ",Dura 68 días,2/22/23,4/30/23,10/27/24,613,Contratos o cartas firmados por el cliente (Documentos del clientes para contrato)
Alta de cliente en software de ventas,"Dirección Comercial F1, Dirección Sr Comercial F1",Dura 68 días,2/22/23,4/30/23,10/27/24,613,Analítica de Pagos
Contratos o cartas firmados por el cliente (Documentos del clientes para contrato),Jurídico F1,Dura 68 días,2/22/23,4/30/23,10/27/24,613,Seguimiento de contrato
Analítica de Pagos,Contraloría F1,Dura 68 días,2/22/23,4/30/23,10/27/24,613,Adiciones / Modificaciones
Seguimiento de contrato,Dirección Sr Comercial F1,Dura 68 días,2/22/23,4/30/23,10/27/24,613,Cobranza
Adiciones / Modificaciones,Dirección Sr Comercial F1,Dura 68 días,2/22/23,4/30/23,10/27/24,613,Recorrido de pista
Cobranza,"Gerencia de Exp al cliente, Hospitalidades y Sustentabilidad",Dura 68 días,2/22/23,4/30/23,10/27/24,613,Ceremonia de apertura
Presentación Agencias,Dirección Comercial F1,Dura 2 días,27/02/2023,2/28/23,10/27/24,608,
Presentación LANDYARD SUITES,Dirección Comercial F1,Dura 1 días,07/03/2023,3/7/23,10/27/24,600,"Entrega de propuesta de renders. (Módulos cashless, bonificación, tótems, playeras, pallets, tokens.) Seguimiento de cambios"
Ajustes generales LANDYARD SUITES,Dirección Comercial F1,Dura 8 días,07/03/2023,3/14/23,10/27/24,600,"Entrega de propuesta de renders. (Módulos cashless, bonificación, tótems, playeras, pallets, tokens.) Seguimiento de cambios"
"Entrega de propuesta de renders. (Módulos cashless, bonificación, tótems, playeras, pallets, tokens.) Seguimiento de cambios",Dirección Comercial F1,Dura 141 días,14/03/2023,8/1/23,10/27/24,593,
"Propuesta de render del back, copete y faldón del módulo de pre carga",Dirección Comercial F1,Dura 145 días,14/03/2023,8/5/23,10/27/24,593,
Presentación de opciones,Dirección Comercial F1,Dura 1 días,14/03/2023,3/14/23,10/27/24,593,
Aprobación de propuesta LANDYARD SUITES,Dirección Comercial F1,Dura 1 días,14/03/2023,3/14/23,10/27/24,593,
Vasos Aluminio Promocionales,Coordinación Experiencia al Cliente,Dura 62 días,15/03/2023,5/15/23,10/27/24,592,
Ajustes generales,Dirección Comercial F1,Dura 7 días,15/03/2023,3/21/23,10/27/24,592,Entrega de materiales para campaña precarga
Elección de propuesta por parte de CITIBANAMEX,Dirección Comercial F1,Dura 77 días,15/03/2023,5/30/23,10/27/24,592,Entrega de materiales para campaña precarga/Inicio de la campaña de pre carga
Ajustes generales,Dirección Comercial F1,Dura 7 días,15/03/2023,3/21/23,10/27/24,592,
Elección de propuesta por parte de CITIBANAMEX,Dirección Comercial F1,Dura 77 días,15/03/2023,5/30/23,10/27/24,592,
Propuesta de entretenimiento lista,Dirección Comercial F1,Dura 1 días,15/03/2023,3/15/23,10/27/24,592,
Negociación con compras,Dirección Comercial F1,Dura 2 días,18/03/2023,3/19/23,10/27/24,589,
Ajustes finales propuestas,Dirección Comercial F1,Dura 3 días,20/03/2023,3/22/23,10/27/24,587,
Propuestas agencias,Dirección Comercial F1,Dura 1 días,25/03/2023,3/25/23,10/27/24,582,
Presentación LANDYARD CASHLESS,Dirección Comercial F1,Dura 1 días,28/03/2023,3/28/23,10/27/24,579,
Presentación LANDYARD GRADA 3,Dirección Comercial F1,Dura 29 días,28/03/2023,4/25/23,10/27/24,579,
Ajustes generales LANDYARD GRADA 3,Dirección Comercial F1,Dura 1 días,28/03/2023,3/28/23,10/27/24,579,
Ajustes generales LANDYARD CASHLESS,Dirección Comercial F1,Dura 29 días,28/03/2023,4/25/23,10/27/24,579,
Presentación Entretenimiento lista,Dirección Comercial F1,Dura 1 días,29/03/2023,3/29/23,10/27/24,578,
Inicio de ajustes y mejoras en plataforma,Coordinación Experiencia al Cliente,Dura 26 días,01/04/2023,4/26/23,10/27/24,575,
"Levantamiento de necesidades. (Roles, cantidad, etc.)",Coordinación Experiencia al Cliente,Dura 47 días,01/04/2023,5/17/23,10/27/24,575,Presentación entretenimiento lista
Cotización de sobres para boletos RP impresos,Coordinación de Compras F1,Dura 11 días,02/04/2023,4/12/23,10/27/24,574,
"Primera entrega de propuesta general activación grada 3- (Incluir renders de giveaways por día y cuáles, uniformes, gráficos, etc.)",Dirección Comercial F1,Dura 1 días,04/04/2023,4/4/23,10/27/24,572,"Entrega de propuesta de renders. (Módulos cashless, bonificación, tótems, playeras, pallets, tokens.) Seguimiento de cambios"
Visualización y propuesta de punto de entrega de kits.,Dirección Comercial F1,Dura 1 días,04/04/2023,4/4/23,10/27/24,572,
"Mantenimiento a infraestructura Pit Lane Paddock, Pista",Dirección Operaciones F1,Dura 12 días,05/04/2023,4/16/23,10/27/24,571,Acceso al inmueble
Registro de personal,Dirección Operaciones F1,Dura 12 días,05/04/2023,4/16/23,10/27/24,571,Apertura de la plataforma
Trámite migración,Dirección Operaciones F1,Dura 12 días,05/04/2023,4/16/23,10/27/24,571,
Trámite aduanal internación de maquinaria y equipo,Dirección Operaciones F1,Dura 12 días,05/04/2023,4/16/23,10/27/24,571,
"Gestión Administrativa con gobierno local (acceso, representación, movilidad, tránsito)",Dirección Operaciones F1,Dura 12 días,05/04/2023,4/16/23,10/27/24,571,
Montaje de escuderías,Gerente de Producción F1 ,Dura 12 días,05/04/2023,4/16/23,10/27/24,571,Trámite de migración
Montaje de cocina DO & CO,Gerente de Producción F1 ,Dura 12 días,05/04/2023,4/16/23,10/27/24,571,Trámite de internamiento de maquinaria y equipo
Montaje telecom,Gerente de Producción F1 ,Dura 12 días,05/04/2023,4/16/23,10/27/24,571, 
Montaje de hospital,Gerente de Producción F1 ,Dura 12 días,05/04/2023,4/16/23,10/27/24,571,Trámite de internamiento de maquinaria y equipo
Montaje,Gerente de Producción F1 ,Dura 12 días,05/04/2023,4/16/23,10/27/24,571,Internamiento
Requerimientos OMDAI y FIA,Dirección Operaciones F1,Dura 12 días,05/04/2023,4/16/23,10/27/24,571,Acceso al inmueble
Recorrido de pista,Dirección Operaciones F1,Dura 12 días,05/04/2023,4/16/23,10/27/24,571,Acceso al inmueble
Implementación,Dirección Operaciones F1,Dura 12 días,05/04/2023,4/16/23,10/27/24,571,Proveeduría
Atención de observaciones,Dirección General de CIE Internacional y F1,Dura 12 días,05/04/2023,4/16/23,10/27/24,571,Producción
Informe OMDAI/FIA,Dirección OperacionesF1,Dura 12 días,05/04/2023,4/16/23,10/27/24,571,Producción
Registro en sistema (plataformas),Dirección OperacionesF1,Dura 12 días,05/04/2023,4/16/23,10/27/24,571,
"Análisis de requisitos, branding, imagen",Dirección OperacionesF1,Dura 12 días,05/04/2023,4/16/23,10/27/24,571,Master Plan v1.0
"Render, muestra, mobiliario propuesto",Dirección OperacionesF1,Dura 12 días,05/04/2023,4/16/23,10/27/24,571,Master Plan v2.0
Producción,Gerente de Producción F1 ,Dura 12 días,05/04/2023,4/16/23,10/27/24,571,Master Plan v3.0
Servicios,Gerente de Producción F1 ,Dura 12 días,05/04/2023,4/16/23,10/27/24,571,Master Plan as built
Validación,Gerente de Producción F1 ,Dura 12 días,05/04/2023,4/16/23,10/27/24,571,Entrega (Check List)
Master Plan V1,Dirección OperacionesF1,Dura 12 días,05/04/2023,4/16/23,10/27/24,571,Dirección Operaciones F1
Master Plan V2,Dirección OperacionesF1,Dura 12 días,05/04/2023,4/16/23,10/27/24,571,Producción Minuto a Minuto
Master Plan V3,Dirección OperacionesF1,Dura 12 días,05/04/2023,4/16/23,10/27/24,571,Selección de Audiencia
Master Plan V4,Dirección OperacionesF1,Dura 12 días,05/04/2023,4/16/23,10/27/24,571,Media Kit
Entrega (Check List),Gerente de Producción F1 ,Dura 12 días,05/04/2023,4/16/23,10/27/24,571,Operación
Producción Minuto a Minuto,Dirección Operaciones F1,Dura 12 días,05/04/2023,4/16/23,10/27/24,571,Asignación de espacios de trabajo
Selección de Audiencia,Dirección de Mercadotecnia ,Dura 12 días,05/04/2023,4/16/23,10/27/24,571,Acuerdo de proveedores de equipo de imagen (reparación y préstamo de cámaras y lentes)
Media Kit,Dirección Operaciones F1,Dura 12 días,05/04/2023,4/16/23,10/27/24,571,Planeación
Operación,Dirección de Operaciones F1,Dura 12 días,05/04/2023,4/16/23,10/27/24,571,Determinación de audiencia meta
Programa de shuttle,Dirección de Operaciones F1,Dura 12 días,05/04/2023,4/16/23,10/27/24,571,
Asignación de espacios de trabajo,Dirección de Operaciones F1,Dura 12 días,05/04/2023,4/16/23,10/27/24,571,
Acuerdo de proveedores de equipo de imagen (reparación y préstamo de cámaras y lentes),Coordinación de Compras F1 ,Dura 12 días,05/04/2023,4/16/23,10/27/24,571,Definición de Objetivos
Planeación,Dirección de Operaciones F1,Dura 12 días,05/04/2023,4/16/23,10/27/24,571,Definición de imagen (Look & feel)
Determinación de audiencia meta,Dirección de Mercadotecnia ,Dura 12 días,05/04/2023,4/16/23,10/27/24,571,
Monitoreo,Dirección de Mercadotecnia ,Dura 12 días,05/04/2023,4/16/23,10/27/24,571,
Evaluación,Dirección de Mercadotecnia ,Dura 12 días,05/04/2023,4/16/23,10/27/24,571,Media KIt
Definición de objetivo,Creativo F1,Dura 12 días,05/04/2023,4/16/23,10/27/24,571,
Definición de imagen (Look & feel),Creativo F1,Dura 12 días,05/04/2023,4/16/23,10/27/24,571,Aprobación 
"Planeación de trabajo con medios (entrevistas, colaboraciones, influencers, conferencias)",Coordinación Media Center F1 ,Dura 12 días,05/04/2023,4/16/23,10/27/24,571,Definición de Espacios y tamaño de montaje
Promoción con medios (boletines de prensa),Coordinación Media Center F1 ,Dura 12 días,05/04/2023,4/16/23,10/27/24,571,Adhesión a imagen del cliente
Media Kit,Dirección de Mercadotecnia ,Dura 12 días,05/04/2023,4/16/23,10/27/24,571,Amenities
Campañas de redes sociales,Gerencia Redes Sociales F1 ,Dura 12 días,05/04/2023,4/16/23,10/27/24,571,Producción
Definición de look & feel,Dirección de Mercadotecnia ,Dura 12 días,05/04/2023,4/16/23,10/27/24,571,Definición de Espacios y tamaño de montaje
Definición de Espacios y tamaño de montaje,Dirección de Operaciones F1,Dura 12 días,05/04/2023,4/16/23,10/27/24,571,
Adhesión a imagen del cliente,Creativo F1,Dura 12 días,05/04/2023,4/16/23,10/27/24,571,Definición de look & feel
Producción,Dirección de Mercadotecnia ,Dura 12 días,05/04/2023,4/16/23,10/27/24,571,Protocolo de apertura
Validación,Dirección de Operaciones F1,Dura 12 días,05/04/2023,4/16/23,10/27/24,571,Atención al cliente del Gran Premio de la CDMX
Fuentes de ingresos (productos),Gerencia Planeación Financiera F1,Dura 12 días,05/04/2023,4/16/23,10/27/24,571,Fiscalización y estado de resultados
Planeación de ingresos,Gerencia Planeación Financiera F1,Dura 12 días,05/04/2023,4/16/23,10/27/24,571,Estado de resultados/ Informes financieros
Escenarios financieros,Gerencia Planeación Financiera F1,Dura 12 días,05/04/2023,4/16/23,10/27/24,571,Informes Financieros
Presupuesto de ingresos,Dirección Planeación Financiera,Dura 12 días,05/04/2023,4/16/23,10/27/24,571,Rentabilidades
Control presupuestal,Gerencia Planeación Financiera F1,Dura 12 días,05/04/2023,4/16/23,10/27/24,571,
Fuentes de egresos,Dirección Planeación Financiera,Dura 12 días,05/04/2023,4/16/23,10/27/24,571,
Planeación de Egresos,Gerencia Planeación Financiera F1,Dura 12 días,05/04/2023,4/16/23,10/27/24,571,Asignación cargos y Abonos/Contabilización de Egresos
Escenarios financieros,Gerencia Planeación Financiera F1,Dura 12 días,05/04/2023,4/16/23,10/27/24,571,
Presupuesto de Egresos,Gerencia Planeación Financiera F1,Dura 12 días,05/04/2023,4/16/23,10/27/24,571,Contabilización de Egresos/
Presupuesto de Ingresos,Gerencia Planeación Financiera F1,Dura 12 días,05/04/2023,4/16/23,10/27/24,571,Escenarios financieros
Estado de resultados,Gerencia Planeación Financiera F1,Dura 12 días,05/04/2023,4/16/23,10/27/24,571,
Informes Financieros,Gerencia Planeación Financiera F1,Dura 12 días,05/04/2023,4/16/23,10/27/24,571,Fuentes de egresos
Rentabilidades,Gerencia Planeación Financiera F1,Dura 12 días,05/04/2023,4/16/23,10/27/24,571,Fuentes de ingresos (productos)
Ajustes de asientos contables,Gerencia Planeación Financiera F1,Dura 12 días,05/04/2023,4/16/23,10/27/24,571,
Contabilización de Ingresos,Gerencia Planeación Financiera F1,Dura 12 días,05/04/2023,4/16/23,10/27/24,571,Fiscalización
Contabilización de Egresos,Gerencia Planeación Financiera F1,Dura 12 días,05/04/2023,4/16/23,10/27/24,571,Fiscalización
Asignación cargos y Abonos,Contraloría F1,Dura 12 días,05/04/2023,4/16/23,10/27/24,571,
Fiscalización,Contraloría F1,Dura 12 días,05/04/2023,4/16/23,10/27/24,571,
Scouting en autódromo Hermanos Rodriguez,Dirección Operaciones F1,Dura 12 días,05/04/2023,4/16/23,10/27/24,571,
Revisión y pruebas de Look & Feel,Dirección Operaciones F1,Dura 12 días,05/04/2023,4/16/23,10/27/24,571,
Entrega de últimos detalles de mood board,Dirección Operaciones F1,Dura 12 días,05/04/2023,4/16/23,10/27/24,571,
"Brief para Agencias que realizarán un all In a Terrza A, Speed Lounge Amarillo y Speed Lounge 8A",Dirección Operaciones F1,Dura 12 días,05/04/2023,4/16/23,10/27/24,571,
Entrega de Master Graphic,Dirección Operaciones F1,Dura 12 días,05/04/2023,4/16/23,10/27/24,571,
"Sombra para MGS, CMB, PPB",Dirección Operaciones F1,Dura 12 días,05/04/2023,4/16/23,10/27/24,571,
Brief Hospitalidades Live Events y MKP,Dirección Operaciones F1,Dura 12 días,05/04/2023,4/16/23,10/27/24,571,
Aplicación de Moodboard a materiales y mobiliario,Dirección Operaciones F1,Dura 12 días,05/04/2023,4/16/23,10/27/24,571,
"Definición de espacio de bodegas y cocina debajo de las Gradas PP eses, TSB A y Sports Lounge Azul",Dirección Operaciones F1,Dura 12 días,05/04/2023,4/16/23,10/27/24,571,
"Sembrado de mobiliario (Aforo de acuerdo al brief de cada hospitalidad) Propuesta de iluminación, materiales y showroom físico",Dirección Operaciones F1,Dura 12 días,05/04/2023,4/16/23,10/27/24,571,
Aplicación Master Graphic. Propuesta para muros/divisiones y pisos. Entrega física,Dirección Operaciones F1,Dura 12 días,05/04/2023,4/16/23,10/27/24,571,
"Solicitud de carpas, octanorm y pisos a proveedores",Dirección Operaciones F1,Dura 12 días,05/04/2023,4/16/23,10/27/24,571,
"Solicitud de infraestructura (gas, agua, suministro eléctrico)",Dirección Operaciones F1,Dura 12 días,05/04/2023,4/16/23,10/27/24,571,
Autorización y solicitud de recubrimientos a proveedores,Dirección Operaciones F1,Dura 12 días,05/04/2023,4/16/23,10/27/24,571,
"Entrega de renders y layouts Agencias, Live Events y MKP",Dirección Operaciones F1,Dura 12 días,05/04/2023,4/16/23,10/27/24,571,
Autorización y solicitud de mobiliario a proveedores,Dirección Operaciones F1,Dura 12 días,05/04/2023,4/16/23,10/27/24,571,
Autorización de presupuesto de hospitalidades,Dirección Operaciones F1,Dura 12 días,05/04/2023,4/16/23,10/27/24,571,
Cierre de autorización de hospitalidades,Dirección Operaciones F1,Dura 12 días,05/04/2023,4/16/23,10/27/24,571,
Entrega de gráficos para intervención de hospitalidades,Dirección Operaciones F1,Dura 12 días,05/04/2023,4/16/23,10/27/24,571,
Autorización de logos,Dirección Operaciones F1,Dura 12 días,05/04/2023,4/16/23,10/27/24,571,
Entrega de altas de logos,Dirección Operaciones F1,Dura 12 días,05/04/2023,4/16/23,10/27/24,571,
Entrega de altas a proveedor para pruebas de color,Dirección Operaciones F1,Dura 12 días,05/04/2023,4/16/23,10/27/24,571,
Autorización de pruebas de color,Dirección Operaciones F1,Dura 12 días,05/04/2023,4/16/23,10/27/24,571,
Autorización de placas para clientes,Dirección Operaciones F1,Dura 12 días,05/04/2023,4/16/23,10/27/24,571,
Autorización de personalización suite,Dirección Operaciones F1,Dura 12 días,05/04/2023,4/16/23,10/27/24,571,
Nussli grada SLS Estructuras,Dirección Operaciones F1,Dura 12 días,05/04/2023,4/16/23,10/27/24,571,
Proveedores de renders Renders,Coordinación Experiencia al Cliente,Dura 31 días,09/04/2023,5/9/23,10/27/24,567,
IFOOD Comida,Coordinación de Compras F1,Dura 13 días,10/04/2023,4/22/23,10/27/24,566,
Proyecto de banderines sustentables  Textiles,Coordinación de Compras F1,Dura 13 días,10/04/2023,4/22/23,10/27/24,566,
Ideartte Impresos/Carpas,Coordinación de Compras F1,Dura 13 días,10/04/2023,4/22/23,10/27/24,566,
Búsqueda de proveedores,Coordinación de Compras F1,Dura 172 días,13/04/2023,10/1/23,10/27/24,563,
Directorio de proveedores,Coordinación de Compras F1,Dura 172 días,13/04/2023,10/1/23,10/27/24,563,
Clasificación,Gerencia de Riesgos,Dura 172 días,13/04/2023,10/1/23,10/27/24,563,
Requisitos,Contraloría F1,Dura 172 días,13/04/2023,10/1/23,10/27/24,563,
Criterios para Desarrollo de Proveedores,Coordinación de Compras F1,Dura 172 días,13/04/2023,10/1/23,10/27/24,563,Requisitos
Reglas de negocio,Coordinación de Compras F1,Dura 172 días,13/04/2023,10/1/23,10/27/24,563,Requisitos/Criterios para Desarrollo de Proveedores
Proyección de compra,Coordinación de Compras F1,Dura 172 días,13/04/2023,10/1/23,10/27/24,563,Requisitos/Criterios para Desarrollo de Proveedores/Negociación
Negociación,Coordinación de Compras F1,Dura 172 días,13/04/2023,10/1/23,10/27/24,563,Reglas de negocio/Volumen de compra
Volumen de compra,Coordinación de Compras F1,Dura 172 días,13/04/2023,10/1/23,10/27/24,563,Negociación
Criterios de viabilidad,Coordinación de Compras F1,Dura 172 días,13/04/2023,10/1/23,10/27/24,563,Negociación/Volumen de compra
Cotización,Coordinación de Compras F1,Dura 172 días,13/04/2023,10/1/23,10/27/24,563,Negociación/Volumen de compra/Criterios de viabilidad
Orden de compra,Coordinación de Compras F1,Dura 172 días,13/04/2023,10/1/23,10/27/24,563,Negociación/Volumen de compra/Criterios de viabilidad/cotización
Contrato,Coordinación de Compras F1,Dura 172 días,13/04/2023,10/1/23,10/27/24,563,"Cotización, Orden de compra"
Logística de entrega,Coordinación de Compras F1,Dura 172 días,13/04/2023,10/1/23,10/27/24,563,Contrato
Entrega,Coordinación de Compras F1,Dura 172 días,13/04/2023,10/1/23,10/27/24,563,Logística de entrega
Criterios de evaluación,Coordinación de Compras F1,Dura 172 días,13/04/2023,10/1/23,10/27/24,563,Entrega
Aplicación de Evaluación,Coordinación de Compras F1,Dura 172 días,13/04/2023,10/1/23,10/27/24,563,Criterios de evaluación
Resultados,Coordinación de Compras F1,Dura 172 días,13/04/2023,10/1/23,10/27/24,563,Aplicación de Evaluación
Cierre administrativo,Contraloría F1,Dura 172 días,13/04/2023,10/1/23,10/27/24,563,Resultados
Política de entregas de productos/bienes y servicios a usuarios,Coordinación de Compras F1,Dura 172 días,13/04/2023,10/1/23,10/27/24,563,Cierre administrativo
Eficiencias Locutores ,Coordinación de Compras F1,Dura 10 días,13/04/2023,4/22/23,10/27/24,563,
Situación Mariatinto Vino,Coordinación de Compras F1,Dura 11 días,13/04/2023,4/23/23,10/27/24,563,
Muestra de playera para Marketing Textiles,Coordinación de Compras F1,Dura 13 días,13/04/2023,4/25/23,10/27/24,563,
Show room impresos ,Coordinación de Compras F1,Dura 14 días,13/04/2023,4/26/23,10/27/24,563,
Carros de Golf / Motos Carros de Golf,Coordinación de Compras F1,Dura 172 días,13/04/2023,10/1/23,10/27/24,563,
Muestra de suéter para Marketing Textiles,Coordinación de Compras F1,Dura 23 días,13/04/2023,5/5/23,10/27/24,563,
Cajas para marketing Cajas,Coordinación de Compras F1,Dura 13 días,13/04/2023,4/25/23,10/27/24,563,
Definición de Proveedor Ambientación Diseño de Look & Feel,Coordinación Experiencia al Cliente,Dura 13 días,13/04/2023,4/25/23,10/27/24,563,
Contrato Dosai Fibra Óptica,Dirección Operaciones F1,Dura 13 días,13/04/2023,4/25/23,10/27/24,563,
Plus Muebles,Dirección Operaciones F1,Dura 5 días,13/04/2023,4/17/23,10/27/24,563,
Uniformes de PR Textiles,Coordinación de Compras F1,Dura 16 días,15/04/2023,4/30/23,10/27/24,561,
Muestras de Lanyard Textiles,Coordinación de Compras F1,Dura 13 días,17/04/2023,4/29/23,10/27/24,559,
Brief audio y video de Promotoría Audio y video ,Coordinación de Compras F1,Dura 16 días,17/04/2023,5/2/23,10/27/24,559,
Banderines de Promotoría Textiles,Coordinación de Compras F1,Dura 16 días,17/04/2023,5/2/23,10/27/24,559,
Muestras nuevas de gorras Textiles,Coordinación de Compras F1,Dura 16 días,17/04/2023,5/2/23,10/27/24,559,
Muestras de bolsas ecológicas Promocionales,Coordinación Experiencia al Cliente,Dura 7 días,17/04/2023,4/23/23,10/27/24,559,
Recorrido de pista,Gerencia Experiencia al Cliente Hospitalidades y Protocolos F1,Dura 9 días,18/04/2023,4/26/23,10/27/24,558,Aprobación de la fecha por parte del inmueble
Ceremonia de apertura,Gerencia Experiencia al Cliente Hospitalidades y Protocolos F1,Dura 9 días,18/04/2023,4/26/23,10/27/24,558,Uniformes (Política)
Protocolo show previo a la carrera,Gerencia Experiencia al Cliente Hospitalidades y Protocolos F1,Dura 9 días,18/04/2023,4/26/23,10/27/24,558,Validación por el cliente
Protocolo carreras de soporte,Gerencia Experiencia al Cliente Hospitalidades y Protocolos F1,Dura 9 días,18/04/2023,4/26/23,10/27/24,558,
Uniformes (Política),Gerencia Experiencia al Cliente Hospitalidades y Protocolos F1,Dura 9 días,18/04/2023,4/26/23,10/27/24,558,
Planeación,Gerencia Experiencia al Cliente Hospitalidades y Protocolos F1,Dura 9 días,18/04/2023,4/26/23,10/27/24,558,
Propuesta conceptual,Gerencia Producción F1,Dura 9 días,18/04/2023,4/26/23,10/27/24,558,Ubicación
Validación por el cliente,Cliente,Dura 9 días,18/04/2023,4/26/23,10/27/24,558,Ubicación/Definición de criterios a evaluar
Programación,Gerencia Experiencia al Cliente Hospitalidades y Protocolos F1,Dura 9 días,18/04/2023,4/26/23,10/27/24,558,
Ubicación,"Gerencia Experiencia al Cliente Hospitalidades y Protocolos F1,Gerencia Producción F1",Dura 9 días,18/04/2023,4/26/23,10/27/24,558,
Definición de criterios a evaluar,Coordinación Experiencia al Cliente,Dura 9 días,18/04/2023,4/26/23,10/27/24,558,
Selección de proveedores,Coordinación Experiencia al Cliente,Dura 9 días,18/04/2023,4/26/23,10/27/24,558,Ubicación
"Evaluación de resultados de encuestas, estudios e informes",Coordinación Experiencia al Cliente,Dura 9 días,18/04/2023,4/26/23,10/27/24,558,
Pre registro,Gerencia Experiencia al Cliente Hospitalidades y Protocolos F1,Dura 9 días,18/04/2023,4/26/23,10/27/24,558,
Convocatoria,Coordinación Experiencia al Cliente,Dura 9 días,18/04/2023,4/26/23,10/27/24,558,Pre registro
Selección,Gerencia Experiencia al Cliente Hospitalidades y Protocolos F1,Dura 9 días,18/04/2023,4/26/23,10/27/24,558,Capacitación/Operación
Asignación,Coordinación Experiencia al Cliente,Dura 9 días,18/04/2023,4/26/23,10/27/24,558,Experiencia al Cliente Corporativo
Capacitación,Coordinación Experiencia al Cliente,Dura 9 días,18/04/2023,4/26/23,10/27/24,558,Experiencia al Cliente Corporativo/ Capacitación
Operación,Coordinación Experiencia al Cliente,Dura 9 días,18/04/2023,4/26/23,10/27/24,558,Asignación de staff
Experiencia al Cliente Corporativo,Coordinación Experiencia al Cliente,Dura 9 días,18/04/2023,4/26/23,10/27/24,558,
Branding,Coordinación Experiencia al Cliente,Dura 9 días,18/04/2023,4/26/23,10/27/24,558,Acreditación
Experiencia culinaria,Coordinación Experiencia al Cliente,Dura 9 días,18/04/2023,4/26/23,10/27/24,558,Planeación
Activaciones por zona,Coordinación Experiencia al Cliente,Dura 9 días,18/04/2023,4/26/23,10/27/24,558,Amenities
Extensión de horarios,Coordinación Experiencia al Cliente,Dura 9 días,18/04/2023,4/26/23,10/27/24,558,Activaciones por zona
Acreditación Marca,Coordinación Experiencia al Cliente,Dura 9 días,18/04/2023,4/26/23,10/27/24,558,
Acreditación Entretenimiento,Coordinación Experiencia al Cliente,Dura 9 días,18/04/2023,4/26/23,10/27/24,558,Selección/Acreditación
Experiencia Culinaria,Coordinación Experiencia al Cliente,Dura 9 días,18/04/2023,4/26/23,10/27/24,558,
Asignación de staff,Coordinación Experiencia al Cliente,Dura 9 días,18/04/2023,4/26/23,10/27/24,558,Experiencia culinaria/Activaciones por zona/Extensión de horarios
Planeación,Gerencia Experiencia al Cliente Hospitalidades y Protocolos F1,Dura 9 días,18/04/2023,4/26/23,10/27/24,558,
"Facilidades (espacios Media Center, traslados)",Coordinación Experiencia al Cliente,Dura 9 días,18/04/2023,4/26/23,10/27/24,558,Asignación de staff
Experiencia culinaria,Coordinación Experiencia al Cliente,Dura 9 días,18/04/2023,4/26/23,10/27/24,558,Acreditación
Asignación de staff,Coordinación Experiencia al Cliente,Dura 9 días,18/04/2023,4/26/23,10/27/24,558,
Planeación (Media Kit),Coordinación Media Center F1 ,Dura 9 días,18/04/2023,4/26/23,10/27/24,558,Selección/ Planeación
Actividades con Medios,Coordinación Experiencia al Cliente,Dura 9 días,18/04/2023,4/26/23,10/27/24,558,
Planeación de amenidades y actividades (Kermesse),Coordinación Media Center F1 ,Dura 9 días,18/04/2023,4/26/23,10/27/24,558,Registro de personal
Ednovi Pirotecnia,Coordinación de Compras F1,Dura 9 días,18/04/2023,4/26/23,10/27/24,558,
Arcos acceso general  Display,Coordinación de Compras F1,Dura 7 días,18/04/2023,4/24/23,10/27/24,558,
Estructuras MK impresos,Coordinación de Compras F1,Dura 21 días,18/04/2023,5/8/23,10/27/24,558,
"Brief PADDOCK CLUB, RP Agencias btl",Coordinación Experiencia al Cliente,Dura 31 días,18/04/2023,5/18/23,10/27/24,558,
William Scotman oficinas  Oficinas móviles,Dirección Operaciones F1,Dura 12 días,18/04/2023,4/29/23,10/27/24,558,
PSH Oficinas móviles,Dirección Operaciones F1,Dura 9 días,18/04/2023,4/26/23,10/27/24,558,
Tiempo de construcción,Equipo de Proyecto ,Dura 9 días,22/04/2023,4/30/23,10/27/24,554,Evaluación y Validación OMDAI
Avance de la obra,Equipo de Proyecto ,Dura 9 días,22/04/2023,4/30/23,10/27/24,554,N/A
Datos de registro,Gerencia de Seguridad Corporativa,Dura 10 días,22/04/2023,5/1/23,10/27/24,554,
Formulario,Gerencia de Seguridad Corporativa,Dura 10 días,22/04/2023,5/1/23,10/27/24,554,Datos de registro
Listado de personal acreditado,Gerencia de Seguridad Corporativa,Dura 10 días,22/04/2023,5/1/23,10/27/24,554,Formulario
Permisos,Gerencia de Seguridad Corporativa,Dura 10 días,22/04/2023,5/1/23,10/27/24,554,Listado de personal acreditado
Coordinación de Vuelos,Gerencia de Seguridad Corporativa,Dura 10 días,22/04/2023,5/1/23,10/27/24,554,Permisos/Coordinación proveedor traslado aéreo/Vuelos Comerciales
Coordinación proveedor traslado aéreo,Gerencia de Seguridad Corporativa,Dura 10 días,22/04/2023,5/1/23,10/27/24,554,
Vuelos Comerciales,Gerencia de Seguridad Corporativa,Dura 10 días,22/04/2023,5/1/23,10/27/24,554,Permisos
Coordinación traslados Médicos,Gerencia de Seguridad Corporativa,Dura 10 días,22/04/2023,5/1/23,10/27/24,554,Permisos
Transmisión aérea Track TV,Gerencia de Seguridad Corporativa,Dura 10 días,22/04/2023,5/1/23,10/27/24,554,Permisos
Objetos Prohibidos,Gerencia de Seguridad Corporativa,Dura 10 días,22/04/2023,5/1/23,10/27/24,554,Permisos
Accesos a Estacionamiento,Gerencia de Seguridad Corporativa,Dura 10 días,22/04/2023,5/1/23,10/27/24,554,Permisos
Revisión en accesos,Gerencia de Seguridad Corporativa,Dura 10 días,22/04/2023,5/1/23,10/27/24,554,Permisos
Etiqueta de trato al personal,Gerencia de Seguridad Corporativa,Dura 10 días,22/04/2023,5/1/23,10/27/24,554,Listado de personal acreditado
Escaleras de servicio Construcción,Coordinación de Compras F1,Dura 9 días,22/04/2023,4/30/23,10/27/24,554,
Puente temporal Total show Construcción,Coordinación de Compras F1,Dura 5 días,22/04/2023,4/26/23,10/27/24,554,
"Display GNP, PHOTO OPP,  Display",Coordinación de Compras F1,Dura 5 días,22/04/2023,4/26/23,10/27/24,554,
Cotizar mecánica de suelo Construcción,Coordinación de Compras F1,Dura 11 días,22/04/2023,5/2/23,10/27/24,554,
Amevi Ambulancias,Coordinación de Compras F1,Dura 6 días,22/04/2023,4/27/23,10/27/24,554,
"Bajas de agua pit building,  Construcción",Coordinación de Compras F1,Dura 7 días,22/04/2023,4/28/23,10/27/24,554,
Módulos de información Display,Coordinación de Compras F1,Dura 3 días,22/04/2023,4/24/23,10/27/24,554,
Video voluntarios  Audio y video ,Coordinación de Compras F1,Dura 16 días,22/04/2023,5/7/23,10/27/24,554,
Módulos de información Display,Coordinación de Compras F1,Dura 3 días,22/04/2023,4/24/23,10/27/24,554,
Enviar pull telehanders ontrack Maquinaria,Dirección Operaciones F1,Dura 5 días,22/04/2023,4/26/23,10/27/24,554,
Cotización piso BackStage Piso,Dirección Operaciones F1,Dura 6 días,22/04/2023,4/27/23,10/27/24,554,
Contrato y alta Macrane Maquinaria,Dirección Operaciones F1,Dura 6 días,22/04/2023,4/27/23,10/27/24,554,
Sanirent  Oficinas móviles,Dirección Operaciones F1,Dura 4 días,22/04/2023,4/25/23,10/27/24,554,
Definición de seguridad Hospitalidades Seguridad,Gerencia de Seguridad Corporativa,Dura 10 días,22/04/2023,5/1/23,10/27/24,554,
Aprobación de propuesta LANDYARD CASHLESS,Dirección Comercial F1,Dura 1 días,25/04/2023,4/25/23,10/27/24,551,
Aprobación de propuesta LANDYARD GRADA 3,Dirección Comercial F1,Dura 1 días,25/04/2023,4/25/23,10/27/24,551,
Presentación Aluminio  PPT,Dirección Operaciones F1,Dura 5 días,26/04/2023,4/30/23,10/27/24,550,
Envío de activaciones a MKT,Dirección Comercial F1,Dura 1 días,13/05/2023,5/13/23,10/27/24,533,
Fecha límite para mandar legales finales,Dirección Comercial F1,Dura 1 días,20/05/2023,5/20/23,10/27/24,526,"Entrega de propuesta de renders. (Módulos cashless, bonificación, tótems, playeras, pallets, tokens.) Seguimiento de cambios"
Aprobación de propuesta general,Dirección Comercial F1,Dura 15 días,23/05/2023,6/6/23,10/27/24,523,Cierre de la campaña de pre carga
Contar con la estructura de practicas profesionales y voluntarios que se mandarían a las universidades,Coordinación Experiencia al Cliente,Dura 5 días,27/05/2023,5/31/23,10/27/24,519,"Levantamiento de necesidades. (Roles, cantidad, etc.)"
Correcciones de Renders,Dirección Comercial F1,Dura 1 días,31/05/2023,5/31/23,10/27/24,515,
Entrega de boletos TICKETFAST,Dirección Comercial F1,Dura 45 días,01/06/2023,7/15/23,10/27/24,514,"Entrega de propuesta de renders. (Módulos cashless, bonificación, tótems, playeras, pallets, tokens.) Seguimiento de cambios"
Envío a FOM propuesta general,Dirección Comercial F1,Dura 18 días,04/06/2023,6/21/23,10/27/24,511,Presentación de opciones
Página Web México GP Lista,Coordinación Experiencia al Cliente,Dura 1 días,07/06/2023,6/7/23,10/27/24,508,Inicio de programación y pruebas plataforma
Fecha límite para aprobar renders de tokens para su producción,Dirección Comercial F1,Dura 1 días,10/06/2023,6/10/23,10/27/24,505,Fecha límite para mandar legales finales
Correcciones FOM,Dirección Comercial F1,Dura 1 días,10/06/2023,6/10/23,10/27/24,505,
Envío a FOM propuesta general,Dirección Comercial F1,Dura 1 días,10/06/2023,6/10/23,10/27/24,505,
Correcciones FOM,Dirección Comercial F1,Dura 12 días,10/06/2023,6/21/23,10/27/24,505,
Envío a fom propuesta activación grada 3,Dirección Comercial F1,Dura 1 días,10/06/2023,6/10/23,10/27/24,505,
Contar con todos los convenios con Universidades ya firmados,Coordinación Experiencia al Cliente,Dura 5 días,18/06/2023,6/22/23,10/27/24,497,Planeación programa de voluntarios
Entrega de primera versión del manual de citibanamex cashless,Dirección Comercial F1,Dura 1 días,20/06/2023,6/20/23,10/27/24,495,Fecha límite para mandar legales finales
Spot,Dirección Comercial F1,Dura 1 días,24/06/2023,6/24/23,10/27/24,491,"Entrega de propuesta de renders. (Módulos cashless, bonificación, tótems, playeras, pallets, tokens.) Seguimiento de cambios"
Página de programa digital,Dirección Comercial F1,Dura 1 días,24/06/2023,6/24/23,10/27/24,491,"Entrega de propuesta de renders. (Módulos cashless, bonificación, tótems, playeras, pallets, tokens.) Seguimiento de cambios"
Entrega de boletos SUITE,Dirección Comercial F1,Dura 46 días,01/07/2023,8/15/23,10/27/24,484,"Entrega de propuesta de renders. (Módulos cashless, bonificación, tótems, playeras, pallets, tokens.) Seguimiento de cambios"
Teaser 1 Convocatorio redes sociales,Coordinación Experiencia al Cliente,Dura 1 días,11/07/2023,7/11/23,10/27/24,474,Página Web México GP Lista
Contratos agencias,Dirección Comercial F1,Dura 1 días,12/07/2023,7/12/23,10/27/24,473,
Tener definido la logística de convocatoria oficial ,Coordinación Experiencia al Cliente,Dura 1 días,13/07/2023,7/13/23,10/27/24,472,
Entrega de anexo nota metodológica,Agencia INK PR,Dura 2 días,15/07/2023,7/16/23,10/27/24,470,
Pre-registro oficial,Coordinación Experiencia al Cliente,Dura 33 días,15/07/2023,8/16/23,10/27/24,470,Teaser 1 Convocatorio redes sociales
Respuesta revisión de bases,IWO,Dura 2 días,29/07/2023,7/30/23,10/27/24,456,Entrega de anexo nota metodológica
Entrega de bases para revisión del primer semestre,Agencia INK PR,Dura 2 días,31/07/2023,8/1/23,10/27/24,454,Respuesta revisión de bases
Fecha límite para aprobar diseño de playeras,Dirección Comercial F1,Dura 1 días,05/08/2023,8/5/23,10/27/24,449,
Fecha límite para aprobar manual de recarga citibanamex cashless,Dirección Comercial F1,Dura 1 días,05/08/2023,8/5/23,10/27/24,449,Entrega de primera versión del manual de citibanamex cashless
"Fecha límite para aprobar backs, faldones, copetes y pallets",Dirección Comercial F1,Dura 1 días,05/08/2023,8/5/23,10/27/24,449,Entrega de primera versión del manual de citibanamex cashless/Fecha límite para aprobar manual de recarga citibanamex cashless
Fecha límite para aprobar bonificación y mandar a producir pallets,Dirección Comercial F1,Dura 1 días,05/08/2023,8/5/23,10/27/24,449,Fecha límite para aprobar manual de recarga citibanamex cashless
Fecha límite para aprobar manual de pre carga,Dirección Comercial F1,Dura 1 días,05/08/2023,8/5/23,10/27/24,449,Cierre de la campaña cashless
Fecha límite para aprobar artes de la pre carga,Dirección Comercial F1,Dura 1 días,05/08/2023,8/5/23,10/27/24,449,
Entrevistas presenciales,Coordinación Experiencia al Cliente,Dura 1 días,07/08/2023,8/7/23,10/27/24,447,
Sesiones con Universidades,Coordinación Experiencia al Cliente,Dura 4 días,12/08/2023,8/15/23,10/27/24,442,Teaser 1 Convocatorio redes sociales
Aprobación y rechazo de videos,Coordinación Experiencia al Cliente,Dura 12 días,14/08/2023,8/25/23,10/27/24,440,Sesiones con Universidades
Contenido de redes sociales,Dirección Comercial F1,Dura 1 días,15/08/2023,8/15/23,10/27/24,439,
Entrega de materiales para campaña precarga,Dirección Comercial F1,Dura 1 días,16/08/2023,8/16/23,10/27/24,438,
Filtrado pre-registro,Coordinación Experiencia al Cliente,Dura 3 días,17/08/2023,8/19/23,10/27/24,437,Pre-registro oficial
Convocatorio universidades,Coordinación Experiencia al Cliente,Dura 1 días,19/08/2023,8/19/23,10/27/24,435,Filtrado pre-registro
Convocatorio Abierta para medios de comunicación,Coordinación Experiencia al Cliente,Dura 1 días,20/08/2023,8/20/23,10/27/24,434,Aprobación y rechazo de videos
Convocatoria público,Coordinación Experiencia al Cliente,Dura 1 días,20/08/2023,8/20/23,10/27/24,434,Convocatorio universidades
Entrevistas virtuales,Coordinación Experiencia al Cliente,Dura 26 días,26/08/2023,9/20/23,10/27/24,428,Convocatorio Abierta para medios de comunicación
Entrega de materiales para campaña,Dirección Comercial F1,Dura 1 días,29/08/2023,8/29/23,10/27/24,425,
Aprobación totems señalización,Dirección Comercial F1,Dura 1 días,29/08/2023,8/29/23,10/27/24,425,
Aprobación de lonas en grada,Dirección Comercial F1,Dura 1 días,29/08/2023,8/29/23,10/27/24,425,
Listo Manual de Voluntarios,Coordinación Experiencia al Cliente,Dura 1 días,13/09/2023,9/13/23,10/27/24,410,Entrevistas virtuales
Inicio de la campaña de pre carga,Dirección Comercial F1,Dura 39 días,16/09/2023,10/24/23,10/27/24,407,Entrevistas presenciales
Estimación inicio de producción,Dirección Comercial F1,Dura 5 días,16/09/2023,9/20/23,10/27/24,407,Ajustes generales
Casting-ceremonia,Coordinación Experiencia al Cliente,Dura 1 días,21/09/2023,9/21/23,10/27/24,402,Entrevistas presenciales
Asignación de voluntarios- Mailing de confirmación,Coordinación Experiencia al Cliente,Dura 5 días,23/09/2023,9/27/23,10/27/24,400,Casting-ceremonia
Inicio de la campaña de cashless,Dirección Comercial F1,Dura 35 días,23/09/2023,10/27/23,10/27/24,400,Fecha límite para aprobar bonificación y mandar a producir pallets/Entrega de materiales para campaña
Contar con agencia y estructura de capacitación de voluntarios,Coordinación Experiencia al Cliente,Dura 1 días,27/09/2023,9/27/23,10/27/24,396,Listo Manual de Voluntarios
1era entrega de evidencias,Dirección Comercial F1,Dura 1 días,01/10/2023,10/1/23,10/27/24,392,
"Fecha límite de confirmación voluntarios. (Foto, talla, confirmación de fechas, etc.)",Coordinación Experiencia al Cliente,Dura 1 días,03/10/2023,10/3/23,10/27/24,390,Contar con agencia y estructura de capacitación de voluntarios
Montaje,Dirección Comercial F1,Dura 15 días,07/10/2023,10/21/23,10/27/24,386,Elección de propuesta por parte de CITIBANAMEX
Coca cola entrega de hieleras,Dirección de Operaciones F1,Dura 2 días,11/10/2023,10/12/23,10/27/24,382,
"Coca cola entrega de split, g1, g1a y g2",Dirección de Operaciones F1,Dura 2 días,11/10/2023,10/12/23,10/27/24,382,
Heineken entrega de hieleras,Dirección de Operaciones F1,Dura 2 días,11/10/2023,10/12/23,10/27/24,382,
"Heineken entrega de split, g1, g1a y g2",Dirección de Operaciones F1,Dura 2 días,11/10/2023,10/12/23,10/27/24,382,
Capacitaciones Voluntarios / Entrega acreditaciones montaje.,Coordinación Experiencia al Cliente,Dura 8 días,12/10/2023,10/19/23,10/27/24,381,Asignación de voluntarios- Mailing de confirmación
Volumen de compra,Coordinación Experiencia al Cliente,Dura 1 días,16/10/2023,10/16/23,10/27/24,377,Capacitaciones Voluntarios / Entrega acreditaciones montaje.
Coca-Cola entrega de refrigeradores en los puntos de bebidas,Dirección de Operaciones F1,Dura 5 días,17/10/2023,10/21/23,10/27/24,376,
Heineken entrega de refrigeradores en los puntos de bebidas,Dirección de Operaciones F1,Dura 5 días,17/10/2023,10/21/23,10/27/24,376,
Recepción de refrigeradores de hielo,Dirección de Operaciones F1,Dura 5 días,17/10/2023,10/21/23,10/27/24,376,
Coca cola entrega de split,Dirección de Operaciones F1,Dura 3 días,17/10/2023,10/19/23,10/27/24,376,
Heineken entrega de split,Dirección de Operaciones F1,Dura 3 días,17/10/2023,10/19/23,10/27/24,376,
Recepción de refrigeradores de hielo,Dirección de Operaciones F1,Dura 5 días,17/10/2023,10/21/23,10/27/24,376,
Coca-Cola entrega de refrigeradores en los puntos de bebidas,Dirección de Operaciones F1,Dura 5 días,17/10/2023,10/21/23,10/27/24,376,
Heineken entrega de refrigeradores en los puntos de bebidas,Dirección de Operaciones F1,Dura 5 días,17/10/2023,10/21/23,10/27/24,376,
Heineken entrega de refrigeradores en los puntos de bebidas,Dirección de Operaciones F1,Dura 5 días,17/10/2023,10/21/23,10/27/24,376,
Entrega de producto de Sabritas,Dirección de Operaciones F1,Dura 2 días,17/10/2023,10/18/23,10/27/24,376,
Entrega de Sabritas,Dirección de Operaciones F1,Dura 2 días,17/10/2023,10/18/23,10/27/24,376,
Coca-Cola entrega de refrigeradores,Dirección de Operaciones F1,Dura 5 días,17/10/2023,10/21/23,10/27/24,376,
Heineken entrega de refrigeradores,Dirección de Operaciones F1,Dura 5 días,17/10/2023,10/21/23,10/27/24,376,
Coca cola entrega de Split,Dirección de Operaciones F1,Dura 1 días,18/10/2023,10/18/23,10/27/24,375,
Coca cola entrega de hieleras,Dirección de Operaciones F1,Dura 3 días,18/10/2023,10/20/23,10/27/24,375,
Heineken entrega de hieleras,Dirección de Operaciones F1,Dura 3 días,18/10/2023,10/20/23,10/27/24,375,
Coca cola entrega de Split y vasos,Dirección de Operaciones F1,Dura 4 días,19/10/2023,10/22/23,10/27/24,374,
Heineken entrega de Split y vasos,Dirección de Operaciones F1,Dura 4 días,19/10/2023,10/22/23,10/27/24,374,
Encuesta de satisfacción capacitación,Coordinación Experiencia al Cliente,Dura 1 días,21/10/2023,10/21/23,10/27/24,372,Volumen de compra
Entrega de activación,Dirección Comercial F1,Dura 1 días,22/10/2023,10/22/23,10/27/24,371,Aprobación de propuesta general
Entrega de Kit de Voluntarios / PLW,Coordinación Experiencia al Cliente,Dura 1 días,24/10/2023,10/24/23,10/27/24,369,Encuesta de satisfacción capacitación
Cierre de la campaña de pre carga,Dirección Comercial F1,Dura 1 días,24/10/2023,10/24/23,10/27/24,369,
Coca cola entrega de Split,Dirección de Operaciones F1,Dura 2 días,24/10/2023,10/25/23,10/27/24,369,
Coca cola conexión de refrigeradores y colocación de producto,Dirección de Operaciones F1,Dura 2 días,24/10/2023,10/25/23,10/27/24,369,
Heineken entrega de Split,Dirección de Operaciones F1,Dura 2 días,24/10/2023,10/25/23,10/27/24,369,
Heineken conexión de refrigeradores y colocación de producto,Dirección de Operaciones F1,Dura 2 días,24/10/2023,10/25/23,10/27/24,369,
Entrega de destilados,Dirección de Operaciones F1,Dura 1 días,24/10/2023,10/24/23,10/27/24,369,
Entrega de destilados,Dirección de Operaciones F1,Dura 1 días,24/10/2023,10/24/23,10/27/24,369,
Entrada de camiones,Dirección de Operaciones F1,Dura 1 días,24/10/2023,10/24/23,10/27/24,369,
Coca cola conexión de refrigeradores y colocación de producto,Dirección de Operaciones F1,Dura 3 días,24/10/2023,10/26/23,10/27/24,369,
Heineken conexión de refrigeradores y colocación de producto,Dirección de Operaciones F1,Dura 3 días,24/10/2023,10/26/23,10/27/24,369,
Coca cola entrega de Split y vasos,Dirección de Operaciones F1,Dura 1 días,24/10/2023,10/24/23,10/27/24,369,
Heineken entrega de Split y vasos,Dirección de Operaciones F1,Dura 1 días,24/10/2023,10/24/23,10/27/24,369,
Heineken conexión de refrigeradores y colocación de producto,Dirección de Operaciones F1,Dura 2 días,24/10/2023,10/25/23,10/27/24,369,
Operación,Dirección Comercial F1,Dura 3 días,25/10/2023,10/27/23,10/27/24,368,Envío a FOM propuesta general
Coca cola conexión de refrigeradores y colocación de producto,Dirección de Operaciones F1,Dura 2 días,26/10/2023,10/27/23,10/27/24,367,
Heineken conexión de refrigeradores y colocación de producto,Dirección de Operaciones F1,Dura 2 días,26/10/2023,10/27/23,10/27/24,367,
Comité de Sustentabilidad,Coordinación Sostenibilidad F1,Dura 365 días,27/10/2023,10/25/24,10/27/24,366,
Política de Sustentabilidad,Coordinación Sostenibilidad F1,Dura 365 días,27/10/2023,10/25/24,10/27/24,366,Comité de Sustentabilidad
Objetivos de Sustentabilidad,Coordinación Sostenibilidad F1,Dura 365 días,27/10/2023,10/25/24,10/27/24,366,Comité de Sustentabilidad/Política de Sustentabilidad
Líneas Estratégicas,Coordinación Sostenibilidad F1,Dura 365 días,27/10/2023,10/25/24,10/27/24,366,Objetivos de Sustentabilidad
Acciones para eficiente el uso de Agua,Coordinación Sostenibilidad F1,Dura 365 días,27/10/2023,10/25/24,10/27/24,366,Líneas Estratégicas
Acciones para eficiente el uso de Energía,Coordinación Sostenibilidad F1,Dura 365 días,27/10/2023,10/25/24,10/27/24,366,Líneas Estratégicas
Acciones para Reciclaje,Coordinación Sostenibilidad F1,Dura 365 días,27/10/2023,10/25/24,10/27/24,366,Líneas Estratégicas
Acciones para Disminución de Insumos,Coordinación Sostenibilidad F1,Dura 365 días,27/10/2023,10/25/24,10/27/24,366,Líneas Estratégicas
Acciones para la Cultura Sustentable,Coordinación Sostenibilidad F1,Dura 365 días,27/10/2023,10/25/24,10/27/24,366,Líneas Estratégicas
Indicadores para líneas Estratégicas,Coordinación Sostenibilidad F1,Dura 365 días,27/10/2023,10/25/24,10/27/24,366,Líneas Estratégicas/Acciones para eficiente el uso de Agua/Acciones para eficiente el uso de Energía
Tableros de Indicadores de Sustentabilidad,Coordinación Sostenibilidad F1,Dura 365 días,27/10/2023,10/25/24,10/27/24,366,Indicadores para líneas Estratégicas
Determinación de Eficacia de acciones,Coordinación Sostenibilidad F1,Dura 365 días,27/10/2023,10/25/24,10/27/24,366,Indicadores para líneas Estratégicas/Tableros de Indicadores de Sustentabilidad
Informe Anual de Acciones,Coordinación Sostenibilidad F1,Dura 365 días,27/10/2023,10/25/24,10/27/24,366,Indicadores para líneas Estratégicas/Tableros de Indicadores de Sustentabilidad
Cierre de la campaña cashless,Dirección Comercial F1,Dura 1 días,27/10/2023,10/27/23,10/27/24,366,Entrega de materiales para campaña
Recepción de producto hielo,Dirección de Operaciones F1,Dura 3 días,27/10/2023,10/29/23,10/27/24,366,
Encuesta de satisfacción de evento,Coordinación Experiencia al Cliente,Dura 1 días,28/10/2023,10/28/23,10/27/24,365,
Recepción de gráficas,Agencia INK PR,Dura 4 días,13/12/2023,12/16/23,10/27/24,319,
Entrega de bases finales para impresión - digitalización,Marketing y digital CIE,Dura 3 días,17/12/2023,12/19/23,10/27/24,315,
Entrega final versión completa + versión resumen,CIE diversas áreas,Dura 1 días,22/01/2024,1/22/24,10/27/24,279,
Entrega final versión completa + versión corta,IWO,Dura 2 días,22/01/2024,1/23/24,10/27/24,279,
"Elaboración de resumen, rediseño, impresión y empastado de versión resumen",CIE diversas áreas,Dura 1 días,23/01/2024,1/23/24,10/27/24,278,
Entrega de reporte fotográfico para revisión completa,CIE diversas áreas,Dura 1 días,24/01/2024,1/24/24,10/27/24,277,
"Elaboración de resumen, diseño, impresión y empastado de versión corta",IWO,Dura 18 días,24/01/2024,2/10/24,10/27/24,277,Entrega final versión completa + versión corta
Entrega de reporte fotográfico para revisión,CIE diversas áreas,Dura 1 días,27/01/2024,1/27/24,10/27/24,274,Entrega de correcciones
Entrega de correcciones,IWO,Dura 1 días,27/01/2024,1/27/24,10/27/24,274,Entrega de reporte fotográfico para revisión completa
Entrega de fotografías,IWO,Dura 1 días,28/01/2024,1/28/24,10/27/24,273,Entrega de reporte fotográfico para revisión
Reunión de revisión de contenido fotográfico para reporte de acuerdo de contrato,CIE diversas áreas,Dura 1 días,29/01/2024,1/29/24,10/27/24,272,Entrega de fotografías/Entrega de reporte fotográfico para revisión
Correcciones versión final,CIE,Dura 2 días,11/02/2024,2/12/24,10/27/24,259,"Elaboración de resumen, diseño, impresión y empastado de versión corta"
Reporte de cobertura de medios final versión completa,IWO,Dura 2 días,13/02/2024,2/14/24,10/27/24,257,Correcciones versión final
Testigos de monitoreo finales,Servicio Impresión-digitalización/TALSAL,Dura 3 días,17/02/2024,2/19/24,10/27/24,253,Reporte de cobertura de medios final versión completa
Reporte de cobertura de medios con correcciones,Servicio Impresión-digitalización/TALSAL,Dura 2 días,20/02/2024,2/21/24,10/27/24,250,Reporte de cobertura de medios con correcciones
Agencia RP correcciones hechas,Agencia INK PR,Dura 2 días,24/02/2024,2/25/24,10/27/24,246,Reporte de cobertura de medios con correcciones
Correcciones,RP CIE,Dura 2 días,26/02/2024,2/27/24,10/27/24,244,Reporte de cobertura de medios con correcciones/Agencia RP correcciones hechas
Reporte de cobertura de medio s,Agencia INK PR,Dura 5 días,28/02/2024,3/3/24,10/27/24,242,Reporte de cobertura de medios con correcciones/Correcciones
Reporte redes sociales y reporte promoción publicitaria,Marketing y digital CIE,Dura 2 días,04/03/2024,3/5/24,10/27/24,237,Reporte de cobertura de medio s
Entrega de capítulos promoción y monitoreo y cobertura eventos especiales Parte 2,RP CIE,Dura 2 días,04/03/2024,3/5/24,10/27/24,237,Recepción de gráficas/Reporte de cobertura de medio s
Revisión de bases finales monitoreo,"IWO,RP CIE",Dura 2 días,06/03/2024,3/7/24,10/27/24,235,Entrega de capítulos promoción y monitoreo y cobertura eventos especiales Parte 2
Entrega de bases finales monitoreo,Agencia INK PR,Dura 6 días,07/03/2024,3/12/24,10/27/24,234,Revisión de bases finales monitoreo
Entrega de capítulo eventos especiales Parte 1,Agencia INK PR,Dura 3 días,12/03/2024,3/14/24,10/27/24,229,Entrega de bases finales monitoreo/Entrega de capítulos promoción y monitoreo y cobertura eventos especiales Parte 2
Gestión y logística para Abastecimiento y reabastecimiento,Gerencia Relaciones Públicas F1,Dura 3 días,10/25/24,10/27/24,10/27/24,2,
Actividades de difusión,Gerencia Relaciones Públicas F1,Dura 3 días,10/25/24,10/27/24,10/27/24,2,
Protocolo de apertura,Dirección de Operaciones F1,Dura 3 días,10/25/24,10/27/24,10/27/24,2,
Atención al cliente del Gran Premio de la CDMX,Coordinación Experiencia al Cliente ,Dura 3 días,10/25/24,10/27/24,10/27/24,2,
Gestión de accidentes,"Coordinación de Seguridad Corporativa, Gerencia de Seguridad Corporativa",Dura 3 días,10/25/24,10/27/24,10/27/24,2,
Gestión y logística para Abastecimiento y reabastecimiento,Dirección Operaciones F1,Dura 6 días,10/27/24,11/1/24,10/27/24,0,Almacenaje
Acceso de proveedores,Dirección Operaciones F1,Dura 6 días,10/27/24,11/1/24,10/27/24,0,Verificación por zona
Desmontaje,Dirección Operaciones F1,Dura 6 días,10/27/24,11/1/24,10/27/24,0,
Especificaciones de embalaje,Dirección Operaciones F1,Dura 6 días,10/27/24,11/1/24,10/27/24,0,Entrega del inmueble por zona
Control de inventario,Dirección Operaciones F1,Dura 6 días,10/27/24,11/1/24,10/27/24,0,
Documentación y trámite aduanal,Dirección Operaciones F1,Dura 6 días,10/27/24,11/1/24,10/27/24,0,
Envío,Dirección Operaciones F1,Dura 6 días,10/27/24,11/1/24,10/27/24,0,Check lista de áreas
Entrega por zona,Dirección Operaciones F1,Dura 6 días,10/27/24,11/1/24,10/27/24,0,Estado de cuenta CXC
Embalaje de equipo,Dirección Operaciones F1,Dura 6 días,10/27/24,11/1/24,10/27/24,0,Especificaciones de embalaje
Almacenaje,Dirección Operaciones F1,Dura 6 días,10/27/24,11/1/24,10/27/24,0,
Verificación por zona,Dirección Operaciones F1,Dura 6 días,10/27/24,11/1/24,10/27/24,0,
Limpieza de áreas,Dirección Operaciones F1,Dura 6 días,10/27/24,11/1/24,10/27/24,0,Entrega por zona
Entrega del inmueble por zona,Dirección Operaciones F1,Dura 6 días,10/27/24,11/1/24,10/27/24,0,Control de inventario
Compilación para la generación del Informe CPTM,Coordinación de Sostenibilidad,Dura 6 días,10/27/24,11/1/24,10/27/24,0,Entrega de materiales 
Reporte de incidentes,Coordinación de Sostenibilidad,Dura 6 días,10/27/24,11/1/24,10/27/24,0,
Check list de áreas,Coordinación de Sostenibilidad,Dura 6 días,10/27/24,11/1/24,10/27/24,0,
Estado de cuenta CXC,Gerencia de Planeación Financiera,Dura 6 días,10/27/24,11/1/24,10/27/24,0,Escenarios financieros
Programa de cobro,Gerencia de Planeación Financiera,Dura 6 días,10/27/24,11/1/24,10/27/24,0,Planeación de ingresos
Fiscalización CXC,Gerencia de Planeación Financiera,Dura 6 días,10/27/24,11/1/24,10/27/24,0,Escenarios financieros
Informes económicos,Gerencia de Planeación Financiera,Dura 6 días,10/27/24,11/1/24,10/27/24,0,Presupuesto de ingresos
Estado de resultados,Gerencia de Planeación Financiera,Dura 6 días,10/27/24,11/1/24,10/27/24,0,Control presupuestal
Control de inventario,Gerencia de Planeación Financiera,Dura 6 días,10/27/24,11/1/24,10/27/24,0,Fuentes de egresos
Envío,Dirección Operaciones F1,Dura 6 días,10/27/24,11/1/24,10/27/24,0,
Embalaje de equipo,Dirección Operaciones F1,Dura 6 días,10/27/24,11/1/24,10/27/24,0,Especificaciones de embalaje
